method,p,N,cs_mean,cs_sd,rt_mean,n_seeds_ok,n_timeout
CITS-GPU,5,125,0.8936666666666667,0.10407849601782941,0.0,3.0,
CITS-GPU,5,250,0.9776666666666666,0.038682468035704895,0.0,3.0,
CITS-GPU,5,500,1.0,0.0,0.0,3.0,
CITS-GPU,5,1000,1.0,0.0,0.0,3.0,
CITS-GPU,10,125,0.856,0.05755866572463265,0.0,3.0,
CITS-GPU,10,250,0.9956666666666667,0.0075055534994651575,0.0,3.0,
CITS-GPU,10,500,1.0,0.0,0.0,3.0,
CITS-GPU,10,1000,1.0,0.0,0.0,3.0,
CITS-GPU,25,125,0.8086666666666668,0.041932485418030435,0.10000000000000002,3.0,
CITS-GPU,25,250,0.9526666666666667,0.04104063027456243,0.10000000000000002,3.0,
CITS-GPU,25,500,0.9823333333333334,0.011015141094572207,0.10000000000000002,3.0,
CITS-GPU,25,1000,0.9826666666666667,0.011930353445448906,0.10000000000000002,3.0,
CITS-GPU,50,125,0.8436666666666666,0.026274195198584815,0.20000000000000004,3.0,
CITS-GPU,50,250,0.9603333333333334,0.030892285984260394,0.20000000000000004,3.0,
CITS-GPU,50,500,0.9863333333333334,0.009504384952922164,0.20000000000000004,3.0,
CITS-GPU,50,1000,0.9976666666666666,0.0005773502691895862,0.20000000000000004,3.0,
CITS-GPU,100,125,0.779,0.0040000000000000036,0.5,3.0,
CITS-GPU,100,250,0.945,0.002645751311064572,0.5333333333333333,3.0,
CITS-GPU,100,500,0.9886666666666667,0.0057735026918962545,0.5666666666666667,3.0,
CITS-GPU,100,1000,0.9933333333333333,0.0032145502536643227,0.6,3.0,
CITS-GPU,250,125,0.777,0.008185352771872427,2.6666666666666665,3.0,
CITS-GPU,250,250,0.9499999999999998,0.01200000000000001,2.3333333333333335,3.0,
CITS-GPU,250,500,0.9946666666666667,0.004163331998932258,2.1999999999999997,3.0,
CITS-GPU,250,1000,0.997,0.0017320508075688629,2.566666666666667,3.0,
CITS-GPU,500,125,0.7716666666666666,0.0085049005481154,8.566666666666666,3.0,
CITS-GPU,500,250,0.9493333333333333,0.007505553499465171,8.6,3.0,
CITS-GPU,500,500,0.9940000000000001,0.0030000000000000027,8.266666666666667,3.0,
CITS-GPU,500,1000,0.9979999999999999,0.0,9.966666666666667,3.0,
CITS-GPU,1000,125,0.7416666666666667,0.01096965511460291,34.300000000000004,3.0,
CITS-GPU,1000,250,0.9456666666666665,0.004041451884327426,32.86666666666667,3.0,
CITS-GPU,1000,500,0.9946666666666667,0.0011547005383792605,33.4,3.0,
CITS-GPU,1000,1000,0.9953333333333333,0.006350852961085841,60.73333333333333,3.0,
KernelGC,5,125,0.037,0.06408587988004846,0.10000000000000002,3.0,
KernelGC,5,250,0.5593333333333333,0.19586049457032764,0.10000000000000002,3.0,
KernelGC,5,500,0.8916666666666666,0.10103629710818449,0.20000000000000004,3.0,
KernelGC,5,1000,1.0,0.0,0.3,3.0,
KernelGC,10,125,0.22533333333333336,0.2758737634015481,0.20000000000000004,3.0,
KernelGC,10,250,0.797,0.11269427669584642,0.3,3.0,
KernelGC,10,500,0.951,0.08487048957087501,0.6666666666666666,3.0,
KernelGC,10,1000,0.9333333333333332,0.11547005383792512,1.2,3.0,
KernelGC,25,125,0.158,0.04714870093650512,1.3333333333333333,3.0,
KernelGC,25,250,0.7273333333333333,0.06951498639382257,2.0,3.0,
KernelGC,25,500,0.949,0.050239426748321846,4.033333333333333,3.0,
KernelGC,25,1000,0.9753333333333334,0.01365039681962882,7.366666666666667,3.0,
KernelGC,50,125,0.14333333333333334,0.05312563725107994,5.466666666666666,3.0,
KernelGC,50,250,0.7066666666666667,0.05504846349657121,8.066666666666668,3.0,
KernelGC,50,500,0.9726666666666667,0.006350852961085873,16.133333333333336,3.0,
KernelGC,50,1000,0.9886666666666667,0.008020806277010682,29.666666666666668,3.0,
KernelGC,100,125,0.13366666666666666,0.03419551627528575,21.53333333333333,3.0,
KernelGC,100,250,0.6563333333333333,0.03153305144341947,32.63333333333333,3.0,
KernelGC,100,500,0.944,0.00999999999999994,65.13333333333334,3.0,
KernelGC,100,1000,0.9979999999999999,0.001732050807568895,118.73333333333333,3.0,
KernelGC,250,125,0.13466666666666666,0.019857828011475297,132.16666666666666,3.0,
KernelGC,250,250,0.7106666666666666,0.00981495457622363,201.0666666666667,3.0,
KernelGC,250,500,0.972,0.009165151389911688,350.6333333333334,3.0,
KernelGC,250,1000,0.999,0.0,631.1666666666666,3.0,
KernelGC,500,125,0.13333333333333333,0.008962886439832505,529.4,3.0,
KernelGC,500,250,0.685,0.011135528725659979,802.3666666666667,3.0,
KernelGC,500,500,0.9663333333333334,0.004509249752822869,1402.6333333333332,3.0,
KernelGC,500,1000,,,,,1.0
KernelGC,1000,125,,,,,1.0
KernelGC,1000,250,,,,,1.0
KernelGC,1000,500,,,,,1.0
LPCMCI,5,125,0.8863333333333333,0.12653194590036673,0.4666666666666666,3.0,
LPCMCI,5,250,0.9279999999999999,0.06717886572427373,0.3666666666666667,3.0,
LPCMCI,5,500,0.9776666666666666,0.038682468035704895,0.4666666666666666,3.0,
LPCMCI,5,1000,0.9723333333333333,0.047920072342738936,0.4666666666666666,3.0,
LPCMCI,10,125,0.9470000000000001,0.03534119409414456,0.8666666666666667,3.0,
LPCMCI,10,250,0.956,0.027622454633866235,0.7999999999999999,3.0,
LPCMCI,10,500,0.969,0.020297783130184457,1.0666666666666667,3.0,
LPCMCI,10,1000,0.9473333333333334,0.039501054838236065,1.9666666666666668,3.0,
LPCMCI,25,125,0.9756666666666667,0.006506407098647773,19.400000000000002,3.0,
LPCMCI,25,250,,,,,1.0
LPCMCI,25,500,0.975,0.0020000000000000018,20.133333333333336,3.0,
LPCMCI,25,1000,0.973,,49.8,1.0,1.0
LPCMCI,50,125,,,,,1.0
LPCMCI,50,250,,,,,1.0
LPCMCI,50,500,,,,,1.0
LPCMCI,50,1000,,,,,1.0
PCMCI+,5,125,0.8696666666666667,0.03807011076071801,0.06666666666666667,3.0,
PCMCI+,5,250,0.8776666666666667,0.107220955663216,0.06666666666666667,3.0,
PCMCI+,5,500,0.9333333333333332,0.11547005383792512,0.10000000000000002,3.0,
PCMCI+,5,1000,0.9723333333333333,0.047920072342738936,0.10000000000000002,3.0,
PCMCI+,10,125,0.9513333333333334,0.054151023382142394,0.20000000000000004,3.0,
PCMCI+,10,250,0.9423333333333334,0.015307950004273327,0.20000000000000004,3.0,
PCMCI+,10,500,0.9603333333333334,0.03477547028198658,0.3,3.0,
PCMCI+,10,1000,0.956,0.027622454633866235,0.4000000000000001,3.0,
PCMCI+,25,125,0.9596666666666667,0.002309401076758497,1.3333333333333333,3.0,
PCMCI+,25,250,0.9460000000000001,0.017578395831246946,1.3333333333333333,3.0,
PCMCI+,25,500,0.9506666666666667,0.005686240703077294,1.5333333333333332,3.0,
PCMCI+,25,1000,0.9473333333333332,0.0072341781380702505,2.733333333333333,3.0,
PCMCI+,50,125,0.9613333333333333,0.0005773502691896423,5.566666666666666,3.0,
PCMCI+,50,250,0.9616666666666666,0.0005773502691896344,7.366666666666666,3.0,
PCMCI+,50,500,0.9593333333333334,0.0035118845842842176,15.366666666666667,3.0,
PCMCI+,50,1000,0.9583333333333334,0.001527525231651936,16.8,3.0,
PCMCI+,100,125,0.9696666666666666,0.0015275252316519692,59.26666666666667,3.0,
PCMCI+,100,250,0.9653333333333333,0.0028867513459481233,123.93333333333332,3.0,
PCMCI+,100,500,0.9596666666666667,0.003055050463303881,349.4666666666667,3.0,
PCMCI+,100,1000,0.9579999999999999,0.0020000000000000018,739.6,3.0,
PCMCI+,250,125,,,,,1.0
PCMCI+,250,250,,,,,1.0
PCMCI+,250,500,,,,,1.0
PCMCI+,250,1000,,,,,1.0
TPC,5,125,0.8796666666666667,0.12526106072252996,0.0,3.0,
TPC,5,250,0.874,0.134130533436649,0.0,3.0,
TPC,5,500,0.9776666666666666,0.038682468035704895,0.03333333333333333,3.0,
TPC,5,1000,1.0,0.0,0.06666666666666667,3.0,
TPC,10,125,0.8963333333333333,0.026950572040929602,0.10000000000000002,3.0,
TPC,10,250,0.8383333333333333,0.13824736284404607,0.13333333333333333,3.0,
TPC,10,500,0.923,0.06894200461257274,0.16666666666666666,3.0,
TPC,10,1000,0.9049999999999999,0.0243310501211929,0.3666666666666667,3.0,
TPC,25,125,0.8656666666666667,0.033381631675718546,0.5333333333333333,3.0,
TPC,25,250,0.9296666666666668,0.0106926766215636,1.0666666666666667,3.0,
TPC,25,500,0.9373333333333335,0.021501937897160147,2.9333333333333336,3.0,
TPC,25,1000,0.8643333333333333,0.027754879450888215,10.133333333333333,3.0,
TPC,50,125,0.948,0.012999999999999954,2.766666666666667,3.0,
TPC,50,250,0.9423333333333334,0.020033305601755622,6.066666666666666,3.0,
TPC,50,500,0.9396666666666667,0.01619670748434174,26.666666666666668,3.0,
TPC,50,1000,0.9356666666666666,0.03493326972004383,124.23333333333333,3.0,
TPC,100,125,0.975,0.009165151389911688,9.566666666666666,3.0,
TPC,100,250,0.9673333333333334,0.014294521094927721,20.0,3.0,
TPC,100,500,0.9646666666666667,0.011846237095944618,55.53333333333333,3.0,
TPC,100,1000,0.9583333333333334,0.006350852961085873,369.43333333333334,3.0,
TPC,250,125,0.9806666666666667,0.008736894948054132,84.89999999999999,3.0,
TPC,250,250,0.9856666666666666,0.001527525231651936,188.0666666666667,3.0,
TPC,250,500,,,,,1.0
TPC,250,1000,,,,,1.0
TPC,500,125,0.9906666666666667,0.0011547005383792366,542.5666666666667,3.0,
TPC,500,250,0.9913333333333334,0.0005773502691896262,1301.7,3.0,
TPC,500,500,,,,,1.0
TPC,500,1000,,,,,1.0
TPC,1000,125,,,,,1.0
TPC,1000,250,,,,,1.0
TPC,1000,500,,,,,1.0
