method,p,N,seed,status,runtime_sec,cs,load_max,clean
PCMCI+,5,125,0,ok,0.0,0.867,16.3,True
PCMCI+,5,125,1,ok,0.1,0.909,16.3,True
PCMCI+,5,125,2,ok,0.1,0.833,16.0,True
PCMCI+,5,250,0,ok,0.0,0.8,16.0,True
PCMCI+,5,250,1,ok,0.1,1.0,16.0,True
PCMCI+,5,250,2,ok,0.1,0.833,16.2,True
PCMCI+,5,500,0,ok,0.1,0.8,16.2,True
PCMCI+,5,500,1,ok,0.1,1.0,16.4,True
PCMCI+,5,500,2,ok,0.1,1.0,16.4,True
PCMCI+,5,1000,0,ok,0.1,1.0,16.4,True
PCMCI+,5,1000,1,ok,0.1,1.0,16.6,True
PCMCI+,5,1000,2,ok,0.1,0.917,16.6,True
PCMCI+,10,125,0,ok,0.2,1.0,16.7,True
PCMCI+,10,125,1,ok,0.2,0.893,16.7,True
PCMCI+,10,125,2,ok,0.2,0.961,16.7,True
PCMCI+,10,250,0,ok,0.2,0.933,16.7,True
PCMCI+,10,250,1,ok,0.2,0.96,16.7,True
PCMCI+,10,250,2,ok,0.2,0.934,16.9,True
PCMCI+,10,500,0,ok,0.3,0.973,16.9,True
PCMCI+,10,500,1,ok,0.3,0.987,16.9,True
PCMCI+,10,500,2,ok,0.3,0.921,17.0,True
PCMCI+,10,1000,0,ok,0.4,0.947,17.0,True
PCMCI+,10,1000,1,ok,0.4,0.987,17.3,True
PCMCI+,10,1000,2,ok,0.4,0.934,17.3,True
PCMCI+,25,125,0,ok,1.4,0.961,17.4,True
PCMCI+,25,125,1,ok,1.4,0.957,17.5,True
PCMCI+,25,125,2,ok,1.2,0.961,17.5,True
PCMCI+,25,250,0,ok,1.4,0.939,17.6,True
PCMCI+,25,250,1,ok,1.5,0.933,17.5,True
PCMCI+,25,250,2,ok,1.1,0.966,17.5,True
PCMCI+,25,500,0,ok,1.5,0.946,17.6,True
PCMCI+,25,500,1,ok,1.5,0.949,17.5,True
PCMCI+,25,500,2,ok,1.6,0.957,17.5,True
PCMCI+,25,1000,0,ok,3.2,0.939,17.2,True
PCMCI+,25,1000,1,ok,2.3,0.951,16.9,True
PCMCI+,25,1000,2,ok,2.7,0.952,16.4,True
PCMCI+,50,125,0,ok,5.6,0.961,16.2,True
PCMCI+,50,125,1,ok,5.9,0.961,15.6,True
PCMCI+,50,125,2,ok,5.2,0.962,15.5,True
PCMCI+,50,250,0,ok,8.2,0.962,15.0,True
PCMCI+,50,250,1,ok,7.1,0.961,14.7,True
PCMCI+,50,250,2,ok,6.8,0.962,14.5,True
PCMCI+,50,500,0,ok,18.4,0.959,18.3,True
PCMCI+,50,500,1,ok,16.3,0.956,18.2,True
PCMCI+,50,500,2,ok,11.4,0.963,17.6,True
PCMCI+,50,1000,0,ok,13.9,0.958,17.3,True
PCMCI+,50,1000,1,ok,18.6,0.96,16.5,True
PCMCI+,50,1000,2,ok,17.9,0.957,16.2,True
PCMCI+,100,125,0,ok,46.4,0.971,16.0,True
PCMCI+,100,125,1,ok,84.7,0.968,14.5,True
PCMCI+,100,125,2,ok,46.7,0.97,13.5,True
PCMCI+,100,250,0,ok,108.7,0.967,14.9,True
PCMCI+,100,250,1,ok,162.2,0.962,15.7,True
PCMCI+,100,250,2,ok,100.9,0.967,15.5,True
PCMCI+,100,500,0,ok,308.6,0.957,15.3,True
PCMCI+,100,500,1,ok,424.8,0.959,14.2,True
PCMCI+,100,500,2,ok,315.0,0.963,12.1,True
PCMCI+,100,1000,0,ok,562.8,0.958,12.0,True
PCMCI+,100,1000,1,ok,736.5,0.96,12.3,True
PCMCI+,100,1000,2,ok,919.5,0.956,12.2,True
PCMCI+,250,125,0,timeout,1800.0,,25.7,True
PCMCI+,250,250,0,timeout,1800.0,,28.8,True
PCMCI+,250,500,0,timeout,1800.0,,24.6,True
PCMCI+,250,1000,0,timeout,1800.0,,13.5,True
TPC,5,125,0,ok,0.0,1.0,12.9,True
TPC,5,125,1,ok,0.0,0.889,12.9,True
TPC,5,125,2,ok,0.0,0.75,12.6,True
TPC,5,250,0,ok,0.0,0.733,12.6,True
TPC,5,250,1,ok,0.0,0.889,12.3,True
TPC,5,250,2,ok,0.0,1.0,12.3,True
TPC,5,500,0,ok,0.0,0.933,12.3,True
TPC,5,500,1,ok,0.1,1.0,12.0,True
TPC,5,500,2,ok,0.0,1.0,12.0,True
TPC,5,1000,0,ok,0.0,1.0,11.7,True
TPC,5,1000,1,ok,0.1,1.0,11.7,True
TPC,5,1000,2,ok,0.1,1.0,11.7,True
TPC,10,125,0,ok,0.1,0.867,11.5,True
TPC,10,125,1,ok,0.1,0.92,11.5,True
TPC,10,125,2,ok,0.1,0.902,11.3,True
TPC,10,250,0,ok,0.1,0.96,11.3,True
TPC,10,250,1,ok,0.2,0.867,11.3,True
TPC,10,250,2,ok,0.1,0.688,14.1,True
TPC,10,500,0,ok,0.1,1.0,14.1,True
TPC,10,500,1,ok,0.2,0.867,13.6,True
TPC,10,500,2,ok,0.2,0.902,13.6,True
TPC,10,1000,0,ok,0.1,0.893,13.6,True
TPC,10,1000,1,ok,0.4,0.933,15.9,True
TPC,10,1000,2,ok,0.6,0.889,15.9,True
TPC,25,125,0,ok,0.4,0.843,15.3,True
TPC,25,125,1,ok,0.6,0.904,15.3,True
TPC,25,125,2,ok,0.6,0.85,15.3,True
TPC,25,250,0,ok,0.6,0.932,17.2,True
TPC,25,250,1,ok,1.4,0.918,17.2,True
TPC,25,250,2,ok,1.2,0.939,16.7,True
TPC,25,500,0,ok,1.1,0.937,16.7,True
TPC,25,500,1,ok,4.5,0.959,18.5,True
TPC,25,500,2,ok,3.2,0.916,17.8,True
TPC,25,1000,0,ok,3.0,0.839,17.1,True
TPC,25,1000,1,ok,21.0,0.86,16.4,True
TPC,25,1000,2,ok,6.4,0.894,14.5,True
TPC,50,125,0,ok,2.7,0.956,13.6,True
TPC,50,125,1,ok,3.2,0.933,13.3,True
TPC,50,125,2,ok,2.4,0.955,13.0,True
TPC,50,250,0,ok,6.2,0.941,12.8,True
TPC,50,250,1,ok,6.9,0.923,12.5,True
TPC,50,250,2,ok,5.1,0.963,11.9,True
TPC,50,500,0,ok,32.3,0.95,11.7,True
TPC,50,500,1,ok,27.0,0.921,10.9,True
TPC,50,500,2,ok,20.7,0.948,10.5,True
TPC,50,1000,0,ok,108.2,0.967,10.3,True
TPC,50,1000,1,ok,120.8,0.898,10.4,True
TPC,50,1000,2,ok,143.7,0.942,10.4,True
TPC,100,125,0,ok,10.0,0.985,10.2,True
TPC,100,125,1,ok,9.1,0.973,10.1,True
TPC,100,125,2,ok,9.6,0.967,10.0,True
TPC,100,250,0,ok,25.0,0.983,9.9,True
TPC,100,250,1,ok,15.8,0.955,9.8,True
TPC,100,250,2,ok,19.2,0.964,9.8,True
TPC,100,500,0,ok,60.1,0.972,9.6,True
TPC,100,500,1,ok,50.5,0.971,9.6,True
TPC,100,500,2,ok,56.0,0.951,9.8,True
TPC,100,1000,0,ok,554.3,0.962,11.2,True
TPC,100,1000,1,ok,242.1,0.962,11.1,True
TPC,100,1000,2,ok,311.9,0.951,10.9,True
TPC,250,125,0,ok,86.2,0.988,10.5,True
TPC,250,125,1,ok,82.8,0.971,9.6,True
TPC,250,125,2,ok,85.7,0.983,9.5,True
TPC,250,250,0,ok,219.5,0.986,9.4,True
TPC,250,250,1,ok,184.8,0.984,9.5,True
TPC,250,250,2,ok,159.9,0.987,9.5,True
TPC,250,500,0,timeout,1800.0,,11.1,True
TPC,250,1000,0,timeout,1800.0,,11.1,True
TPC,500,125,0,ok,545.2,0.99,13.9,True
TPC,500,125,1,ok,528.4,0.99,12.5,True
TPC,500,125,2,ok,554.1,0.992,11.7,True
TPC,500,250,0,ok,1528.8,0.991,10.7,True
TPC,500,250,1,ok,1118.7,0.992,10.7,True
TPC,500,250,2,ok,1257.6,0.991,13.9,True
TPC,500,500,0,timeout,1800.0,,10.0,True
TPC,500,1000,0,timeout,1800.0,,13.5,True
KernelGC,5,125,0,ok,0.1,0.0,9.3,True
KernelGC,5,125,1,ok,0.1,0.111,9.3,True
KernelGC,5,125,2,ok,0.1,0.0,9.3,True
KernelGC,5,250,0,ok,0.1,0.4,9.2,True
KernelGC,5,250,1,ok,0.1,0.778,9.2,True
KernelGC,5,250,2,ok,0.1,0.5,9.2,True
KernelGC,5,500,0,ok,0.2,0.8,9.3,True
KernelGC,5,500,1,ok,0.2,1.0,9.3,True
KernelGC,5,500,2,ok,0.2,0.875,9.2,True
KernelGC,5,1000,0,ok,0.3,1.0,9.2,True
KernelGC,5,1000,1,ok,0.3,1.0,9.2,True
KernelGC,5,1000,2,ok,0.3,1.0,9.2,True
KernelGC,10,125,0,ok,0.2,0.0,9.2,True
KernelGC,10,125,1,ok,0.2,0.533,9.1,True
KernelGC,10,125,2,ok,0.2,0.143,9.1,True
KernelGC,10,250,0,ok,0.3,0.667,9.1,True
KernelGC,10,250,1,ok,0.3,0.867,9.1,True
KernelGC,10,250,2,ok,0.3,0.857,9.1,True
KernelGC,10,500,0,ok,0.6,1.0,9.0,True
KernelGC,10,500,1,ok,0.7,0.853,9.0,True
KernelGC,10,500,2,ok,0.7,1.0,9.0,True
KernelGC,10,1000,0,ok,1.2,1.0,9.1,True
KernelGC,10,1000,1,ok,1.2,0.8,9.0,True
KernelGC,10,1000,2,ok,1.2,1.0,9.3,True
KernelGC,25,125,0,ok,1.3,0.116,9.3,True
KernelGC,25,125,1,ok,1.4,0.149,9.2,True
KernelGC,25,125,2,ok,1.3,0.209,9.1,True
KernelGC,25,250,0,ok,2.0,0.744,9.1,True
KernelGC,25,250,1,ok,2.0,0.787,9.1,True
KernelGC,25,250,2,ok,2.0,0.651,9.2,True
KernelGC,25,500,0,ok,4.1,0.977,9.2,True
KernelGC,25,500,1,ok,4.0,0.979,9.2,True
KernelGC,25,500,2,ok,4.0,0.891,9.2,True
KernelGC,25,1000,0,ok,7.4,0.991,9.1,True
KernelGC,25,1000,1,ok,7.4,0.966,9.1,True
KernelGC,25,1000,2,ok,7.3,0.969,9.0,True
KernelGC,50,125,0,ok,5.3,0.173,8.9,True
KernelGC,50,125,1,ok,5.9,0.175,9.0,True
KernelGC,50,125,2,ok,5.2,0.082,9.0,True
KernelGC,50,250,0,ok,8.0,0.704,9.0,True
KernelGC,50,250,1,ok,8.3,0.763,9.1,True
KernelGC,50,250,2,ok,7.9,0.653,9.1,True
KernelGC,50,500,0,ok,16.0,0.969,9.1,True
KernelGC,50,500,1,ok,16.1,0.969,9.1,True
KernelGC,50,500,2,ok,16.3,0.98,9.0,True
KernelGC,50,1000,0,ok,29.7,0.988,9.2,True
KernelGC,50,1000,1,ok,29.6,0.981,9.1,True
KernelGC,50,1000,2,ok,29.7,0.997,9.2,True
KernelGC,100,125,0,ok,21.4,0.111,9.2,True
KernelGC,100,125,1,ok,21.3,0.173,9.5,True
KernelGC,100,125,2,ok,21.9,0.117,9.5,True
KernelGC,100,250,0,ok,32.6,0.687,9.3,True
KernelGC,100,250,1,ok,32.3,0.658,9.3,True
KernelGC,100,250,2,ok,33.0,0.624,9.3,True
KernelGC,100,500,0,ok,65.1,0.954,9.1,True
KernelGC,100,500,1,ok,64.4,0.944,9.1,True
KernelGC,100,500,2,ok,65.9,0.934,9.2,True
KernelGC,100,1000,0,ok,118.1,0.999,9.1,True
KernelGC,100,1000,1,ok,119.0,0.996,9.2,True
KernelGC,100,1000,2,ok,119.1,0.999,9.3,True
KernelGC,250,125,0,ok,132.2,0.112,9.6,True
KernelGC,250,125,1,ok,131.5,0.143,9.4,True
KernelGC,250,125,2,ok,132.8,0.149,9.0,True
KernelGC,250,250,0,ok,201.1,0.705,9.1,True
KernelGC,250,250,1,ok,201.7,0.705,9.3,True
KernelGC,250,250,2,ok,200.4,0.722,9.3,True
KernelGC,250,500,0,ok,349.8,0.97,10.3,True
KernelGC,250,500,1,ok,350.8,0.964,9.5,True
KernelGC,250,500,2,ok,351.3,0.982,9.8,True
KernelGC,250,1000,0,ok,621.3,0.999,9.5,True
KernelGC,250,1000,1,ok,627.2,0.999,10.0,True
KernelGC,250,1000,2,ok,645.0,0.999,9.5,True
KernelGC,500,125,0,ok,527.7,0.139,11.5,True
KernelGC,500,125,1,ok,529.1,0.138,9.8,True
KernelGC,500,125,2,ok,531.4,0.123,9.4,True
KernelGC,500,250,0,ok,798.0,0.683,11.6,True
KernelGC,500,250,1,ok,807.3,0.675,9.3,True
KernelGC,500,250,2,ok,801.8,0.697,9.3,True
KernelGC,500,500,0,ok,1401.6,0.971,9.9,True
KernelGC,500,500,1,ok,1404.2,0.962,14.1,True
KernelGC,500,500,2,ok,1402.1,0.966,11.7,True
KernelGC,500,1000,0,timeout,1800.0,,12.0,True
LPCMCI,5,125,0,ok,0.1,1.0,9.2,True
LPCMCI,5,125,1,ok,0.4,0.909,9.2,True
LPCMCI,5,125,2,ok,0.9,0.75,9.1,True
LPCMCI,5,250,0,ok,0.1,0.867,9.1,True
LPCMCI,5,250,1,ok,0.5,1.0,9.1,True
LPCMCI,5,250,2,ok,0.5,0.917,9.1,True
LPCMCI,5,500,0,ok,0.2,0.933,9.0,True
LPCMCI,5,500,1,ok,0.6,1.0,9.0,True
LPCMCI,5,500,2,ok,0.6,1.0,9.0,True
LPCMCI,5,1000,0,ok,0.1,1.0,9.0,True
LPCMCI,5,1000,1,ok,0.6,1.0,9.0,True
LPCMCI,5,1000,2,ok,0.7,0.917,8.9,True
LPCMCI,10,125,0,ok,0.6,0.987,8.9,True
LPCMCI,10,125,1,ok,1.3,0.92,8.9,True
LPCMCI,10,125,2,ok,0.7,0.934,8.9,True
LPCMCI,10,250,0,ok,0.9,0.947,8.9,True
LPCMCI,10,250,1,ok,0.8,0.987,8.9,True
LPCMCI,10,250,2,ok,0.7,0.934,8.9,True
LPCMCI,10,500,0,ok,1.2,0.973,8.9,True
LPCMCI,10,500,1,ok,1.2,0.987,8.8,True
LPCMCI,10,500,2,ok,0.8,0.947,8.8,True
LPCMCI,10,1000,0,ok,2.0,0.947,8.8,True
LPCMCI,10,1000,1,ok,1.8,0.987,8.8,True
LPCMCI,10,1000,2,ok,2.1,0.908,8.8,True
LPCMCI,25,125,0,ok,35.1,0.969,8.9,True
LPCMCI,25,125,1,ok,16.1,0.976,9.0,True
LPCMCI,25,125,2,ok,7.0,0.982,9.0,True
LPCMCI,25,250,0,timeout,1800.0,,24.5,True
LPCMCI,25,500,0,ok,15.6,0.973,28.9,True
LPCMCI,25,500,1,ok,18.5,0.975,33.3,True
LPCMCI,25,500,2,ok,26.3,0.977,45.7,True
LPCMCI,25,1000,0,ok,49.8,0.973,64.8,True
LPCMCI,25,1000,1,timeout,1800.0,,64.1,True
LPCMCI,50,125,0,timeout,1800.0,,38.5,True
LPCMCI,50,250,0,timeout,1800.0,,37.3,True
LPCMCI,50,500,0,timeout,1800.0,,12.2,True
LPCMCI,50,1000,0,timeout,1800.0,,9.5,True
CITS-GPU,5,125,0,ok,0.0,1.0,9.3,True
CITS-GPU,5,125,1,ok,0.0,0.889,9.3,True
CITS-GPU,5,125,2,ok,0.0,0.792,9.3,True
CITS-GPU,5,250,0,ok,0.0,0.933,14.4,True
CITS-GPU,5,250,1,ok,0.0,1.0,14.4,True
CITS-GPU,5,250,2,ok,0.0,1.0,14.0,True
CITS-GPU,5,500,0,ok,0.0,1.0,14.0,True
CITS-GPU,5,500,1,ok,0.0,1.0,14.0,True
CITS-GPU,5,500,2,ok,0.0,1.0,13.6,True
CITS-GPU,5,1000,0,ok,0.0,1.0,13.6,True
CITS-GPU,5,1000,1,ok,0.0,1.0,13.2,True
CITS-GPU,5,1000,2,ok,0.0,1.0,13.2,True
CITS-GPU,10,125,0,ok,0.0,0.8,13.2,True
CITS-GPU,10,125,1,ok,0.0,0.853,12.9,True
CITS-GPU,10,125,2,ok,0.0,0.915,12.9,True
CITS-GPU,10,250,0,ok,0.0,1.0,12.5,True
CITS-GPU,10,250,1,ok,0.0,1.0,12.5,True
CITS-GPU,10,250,2,ok,0.0,0.987,12.2,True
CITS-GPU,10,500,0,ok,0.0,1.0,12.2,True
CITS-GPU,10,500,1,ok,0.0,1.0,12.2,True
CITS-GPU,10,500,2,ok,0.0,1.0,11.9,True
CITS-GPU,10,1000,0,ok,0.0,1.0,11.9,True
CITS-GPU,10,1000,1,ok,0.0,1.0,11.6,True
CITS-GPU,10,1000,2,ok,0.0,1.0,11.6,True
CITS-GPU,25,125,0,ok,0.1,0.857,11.6,True
CITS-GPU,25,125,1,ok,0.1,0.787,11.4,True
CITS-GPU,25,125,2,ok,0.1,0.782,11.4,True
CITS-GPU,25,250,0,ok,0.1,1.0,11.1,True
CITS-GPU,25,250,1,ok,0.1,0.931,11.1,True
CITS-GPU,25,250,2,ok,0.1,0.927,11.1,True
CITS-GPU,25,500,0,ok,0.1,0.995,11.0,True
CITS-GPU,25,500,1,ok,0.1,0.975,11.0,True
CITS-GPU,25,500,2,ok,0.1,0.977,10.7,True
CITS-GPU,25,1000,0,ok,0.1,0.996,10.7,True
CITS-GPU,25,1000,1,ok,0.1,0.979,10.7,True
CITS-GPU,25,1000,2,ok,0.1,0.973,10.6,True
CITS-GPU,50,125,0,ok,0.2,0.814,10.6,True
CITS-GPU,50,125,1,ok,0.2,0.853,10.4,True
CITS-GPU,50,125,2,ok,0.2,0.864,10.4,True
CITS-GPU,50,250,0,ok,0.2,0.927,10.4,True
CITS-GPU,50,250,1,ok,0.2,0.988,10.3,True
CITS-GPU,50,250,2,ok,0.2,0.966,10.3,True
CITS-GPU,50,500,0,ok,0.2,0.986,10.1,True
CITS-GPU,50,500,1,ok,0.2,0.996,10.1,True
CITS-GPU,50,500,2,ok,0.2,0.977,10.1,True
CITS-GPU,50,1000,0,ok,0.2,0.997,10.0,True
CITS-GPU,50,1000,1,ok,0.2,0.998,10.0,True
CITS-GPU,50,1000,2,ok,0.2,0.998,9.9,True
CITS-GPU,100,125,0,ok,0.5,0.775,9.9,True
CITS-GPU,100,125,1,ok,0.5,0.783,9.9,True
CITS-GPU,100,125,2,ok,0.5,0.779,9.9,True
CITS-GPU,100,250,0,ok,0.5,0.947,9.9,True
CITS-GPU,100,250,1,ok,0.5,0.942,9.8,True
CITS-GPU,100,250,2,ok,0.6,0.946,9.8,True
CITS-GPU,100,500,0,ok,0.5,0.982,9.8,True
CITS-GPU,100,500,1,ok,0.6,0.992,9.8,True
CITS-GPU,100,500,2,ok,0.6,0.992,9.8,True
CITS-GPU,100,1000,0,ok,0.6,0.992,9.7,True
CITS-GPU,100,1000,1,ok,0.6,0.997,9.7,True
CITS-GPU,100,1000,2,ok,0.6,0.991,9.7,True
CITS-GPU,250,125,0,ok,3.3,0.768,14.8,True
CITS-GPU,250,125,1,ok,2.6,0.779,14.3,True
CITS-GPU,250,125,2,ok,2.1,0.784,13.9,True
CITS-GPU,250,250,0,ok,2.4,0.95,13.4,True
CITS-GPU,250,250,1,ok,2.5,0.938,18.1,True
CITS-GPU,250,250,2,ok,2.1,0.962,18.1,True
CITS-GPU,250,500,0,ok,2.4,0.996,17.4,True
CITS-GPU,250,500,1,ok,2.1,0.99,16.7,True
CITS-GPU,250,500,2,ok,2.1,0.998,16.0,True
CITS-GPU,250,1000,0,ok,2.4,0.998,16.0,True
CITS-GPU,250,1000,1,ok,2.2,0.995,15.5,True
CITS-GPU,250,1000,2,ok,3.1,0.998,14.9,True
CITS-GPU,500,125,0,ok,9.2,0.775,14.5,True
CITS-GPU,500,125,1,ok,8.5,0.762,13.2,True
CITS-GPU,500,125,2,ok,8.0,0.778,12.6,True
CITS-GPU,500,250,0,ok,8.1,0.957,12.0,True
CITS-GPU,500,250,1,ok,9.4,0.942,11.6,True
CITS-GPU,500,250,2,ok,8.3,0.949,11.6,True
CITS-GPU,500,500,0,ok,8.3,0.991,11.2,True
CITS-GPU,500,500,1,ok,8.4,0.997,10.9,True
CITS-GPU,500,500,2,ok,8.1,0.994,10.6,True
CITS-GPU,500,1000,0,ok,9.4,0.998,10.4,True
CITS-GPU,500,1000,1,ok,11.3,0.998,10.2,True
CITS-GPU,500,1000,2,ok,9.2,0.998,9.9,True
CITS-GPU,1000,125,0,ok,34.3,0.738,9.6,True
CITS-GPU,1000,125,1,ok,34.0,0.754,9.4,True
CITS-GPU,1000,125,2,ok,34.6,0.733,9.2,True
CITS-GPU,1000,250,0,ok,32.9,0.95,9.0,True
CITS-GPU,1000,250,1,ok,32.8,0.945,9.0,True
CITS-GPU,1000,250,2,ok,32.9,0.942,9.1,True
CITS-GPU,1000,500,0,ok,33.3,0.994,9.2,True
CITS-GPU,1000,500,1,ok,33.6,0.996,9.2,True
CITS-GPU,1000,500,2,ok,33.3,0.994,9.2,True
CITS-GPU,1000,1000,0,ok,72.0,0.988,9.2,True
CITS-GPU,1000,1000,1,ok,57.6,0.999,9.1,True
CITS-GPU,1000,1000,2,ok,52.6,0.999,9.0,True
