method,p,N,cs,cs_sd,nseed,rt
CITS-GPU,5,125,0.8794000000000001,0.09264771988559674,10,0.0
CITS-GPU,5,250,0.9719,0.04953438760654617,10,0.0
CITS-GPU,5,500,0.9795,0.04724698697036436,10,0.0
CITS-GPU,5,1000,1.0,0.0,10,0.0
CITS-GPU,10,125,0.8571,0.07819128965414099,10,0.0
CITS-GPU,10,250,0.9654,0.04365572381970345,10,0.0
CITS-GPU,10,500,0.9903000000000001,0.026128103218139985,10,0.0
CITS-GPU,10,1000,0.9986,0.00442718872423574,10,0.0
CITS-GPU,25,125,0.8145,0.05033498893524375,10,0.10000000000000002
CITS-GPU,25,250,0.9577,0.029847948003170994,10,0.10000000000000002
CITS-GPU,25,500,0.9833000000000001,0.015895841524681174,10,0.10000000000000002
CITS-GPU,25,1000,0.9887,0.010750193796702803,10,0.10000000000000002
CITS-GPU,50,125,0.8423,0.02950724958002319,10,0.20000000000000004
CITS-GPU,50,250,0.9624,0.01926539788209823,10,0.20000000000000004
CITS-GPU,50,500,0.9885999999999999,0.00884684501201794,10,0.20000000000000004
CITS-GPU,50,1000,0.9955999999999999,0.0033399933466334328,10,0.20000000000000004
CITS-GPU,100,125,0.7969,0.02948238645549422,10,0.5
CITS-GPU,100,250,0.9486000000000001,0.012963195765105292,10,0.5333333333333333
CITS-GPU,100,500,0.99,0.006446359868604577,10,0.5666666666666667
CITS-GPU,100,1000,0.9959,0.00233095116493962,10,0.6
CITS-GPU,250,125,0.7909,0.014161371559437454,10,2.6666666666666665
CITS-GPU,250,250,0.9517999999999999,0.00890443085710081,10,2.3333333333333335
CITS-GPU,250,500,0.9933,0.003713339317768976,10,2.1999999999999997
CITS-GPU,250,1000,0.9970000000000001,0.0011547005383792434,10,2.566666666666667
CITS-GPU,500,125,0.7694,0.006603029607687646,10,8.566666666666666
CITS-GPU,500,250,0.9495999999999999,0.006484168755086852,10,8.6
CITS-GPU,500,500,0.9929,0.003107338983045661,10,8.266666666666667
CITS-GPU,500,1000,0.9978,0.0004216370213557986,10,9.966666666666667
CITS-GPU,1000,125,0.7414,0.006947421584060295,10,34.300000000000004
CITS-GPU,1000,250,0.9421999999999999,0.005533734925185907,10,32.86666666666667
CITS-GPU,1000,500,0.9943,0.00149443411809734,10,33.4
CITS-GPU,1000,1000,0.9938,0.006646636576327746,10,60.73333333333333
KernelGC,5,125,0.1487,0.169266423788719,10,0.10000000000000002
KernelGC,5,250,0.6920999999999999,0.20965869089228492,10,0.10000000000000002
KernelGC,5,500,0.9311999999999999,0.07825712605110013,10,0.20000000000000004
KernelGC,5,1000,0.9923,0.024349537983296508,10,0.3
KernelGC,10,125,0.1874,0.142114351452937,10,0.20000000000000004
KernelGC,10,250,0.7738,0.11739089497155314,10,0.3
KernelGC,10,500,0.9714,0.04890171548910917,10,0.6666666666666666
KernelGC,10,1000,0.9551999999999999,0.05942277902174102,10,1.2
KernelGC,25,125,0.1466,0.04927293600164518,10,1.3333333333333333
KernelGC,25,250,0.728,0.06251933034403576,10,2.0
KernelGC,25,500,0.9582,0.03213789732456752,10,4.033333333333333
KernelGC,25,1000,0.9818,0.010891382934330361,10,7.366666666666667
KernelGC,50,125,0.1258,0.03446350726976772,10,5.466666666666666
KernelGC,50,250,0.7151,0.04779458360758279,10,8.066666666666668
KernelGC,50,500,0.975,0.014087031072743636,10,16.133333333333336
KernelGC,50,1000,0.9933,0.006307843442008475,10,29.666666666666668
KernelGC,100,125,0.1342,0.021493151363993962,10,21.53333333333333
KernelGC,100,250,0.6931,0.04270428029548741,10,32.63333333333333
KernelGC,100,500,0.9568,0.01489071298942175,10,65.13333333333334
KernelGC,100,1000,0.9964000000000001,0.002458545188611461,10,118.73333333333333
KernelGC,250,125,0.13369999999999999,0.01811107702791612,10,132.16666666666666
KernelGC,250,250,0.6968,0.016765042996266574,10,201.0666666666667
KernelGC,250,500,0.9685,0.008488554385497902,10,350.6333333333334
KernelGC,250,1000,0.9977,0.0015670212364724064,10,631.1666666666666
KernelGC,500,125,0.1359,0.00884998430632632,10,529.4
KernelGC,500,250,0.6915,0.017283582447577838,10,802.3666666666667
KernelGC,500,500,0.9663999999999999,0.005738757124441981,10,1402.6333333333332
LPCMCI,5,125,0.9101000000000001,0.08484947456132733,10,0.4666666666666666
LPCMCI,5,250,0.9356,0.05962512520368871,10,0.3666666666666667
LPCMCI,5,500,0.9640000000000001,0.03834347691879573,10,0.4666666666666666
LPCMCI,5,1000,0.9463000000000001,0.054450895309443734,10,0.4666666666666666
LPCMCI,10,125,0.9541999999999999,0.026922935286562717,10,0.8666666666666667
LPCMCI,10,250,0.969,0.019793377119071347,10,0.7999999999999999
LPCMCI,10,500,0.9676,0.026584038653130023,10,1.0666666666666667
LPCMCI,10,1000,0.9583999999999999,0.029870833042730267,10,1.9666666666666668
LPCMCI,25,125,0.9761,0.007978443178688182,10,19.400000000000002
LPCMCI,25,500,0.9728,0.003852848873813312,10,20.133333333333336
LPCMCI,25,1000,0.973375,0.007981004233267176,8,49.8
PCMCI+,5,125,0.8707,0.08831263908536663,10,0.06666666666666667
PCMCI+,5,250,0.9359999999999999,0.07711751494382527,10,0.06666666666666667
PCMCI+,5,500,0.9583999999999999,0.06537787597243172,10,0.10000000000000002
PCMCI+,5,1000,0.9561,0.0484204961193547,10,0.10000000000000002
PCMCI+,10,125,0.9445,0.029803989293008693,10,0.20000000000000004
PCMCI+,10,250,0.9471999999999999,0.02273421308170669,10,0.20000000000000004
PCMCI+,10,500,0.9458,0.023850460046809234,10,0.3
PCMCI+,10,1000,0.9554,0.017487773506716684,10,0.4000000000000001
PCMCI+,25,125,0.9554,0.008315981935740105,10,1.3333333333333333
PCMCI+,25,250,0.9506,0.012928865207571607,10,1.3333333333333333
PCMCI+,25,500,0.9522,0.00828385310240485,10,1.5333333333333332
PCMCI+,25,1000,0.9494999999999999,0.006004627844883955,10,2.733333333333333
PCMCI+,50,125,0.9623999999999999,0.0026749870196985273,10,5.566666666666666
PCMCI+,50,250,0.9591999999999998,0.003910100879630697,10,7.366666666666666
PCMCI+,50,500,0.9578999999999999,0.003142893217686217,10,15.366666666666667
PCMCI+,50,1000,0.9548,0.004685675570881492,10,16.8
PCMCI+,100,125,0.9698,0.0010327955589886544,10,59.26666666666667
PCMCI+,100,250,0.9658999999999999,0.0024698178070456977,10,123.93333333333332
PCMCI+,100,500,0.9615,0.0022236106773543545,10,349.4666666666667
PCMCI+,100,1000,0.9591,0.0017919573407620987,10,739.6
TPC,5,125,0.7853,0.17108675512083857,10,0.0
TPC,5,250,0.8696999999999999,0.11260259519409152,10,0.0
TPC,5,500,0.9275,0.10152640597948454,10,0.03333333333333333
TPC,5,1000,0.9784,0.03513213154174773,10,0.06666666666666667
TPC,10,125,0.8503000000000001,0.09582513008368712,10,0.10000000000000002
TPC,10,250,0.8429,0.10072012929124168,10,0.13333333333333333
TPC,10,500,0.8543,0.1104898688166074,10,0.16666666666666666
TPC,10,1000,0.8723000000000001,0.07120713135322582,10,0.3666666666666667
TPC,25,125,0.9071999999999999,0.04355277768919506,10,0.5333333333333333
TPC,25,250,0.9253,0.03304559140204804,10,1.0666666666666667
TPC,25,500,0.9357,0.03053613524261961,10,2.9333333333333336
TPC,25,1000,0.9244,0.04997377089811995,10,10.133333333333333
TPC,50,125,0.9218,0.024961303384772687,10,2.766666666666667
TPC,50,250,0.9328,0.022592033994308668,10,6.066666666666666
TPC,50,500,0.931,0.016013882865952376,10,26.666666666666668
TPC,50,1000,0.9427999999999999,0.020541556794837993,10,124.23333333333333
TPC,100,125,0.962,0.014149990184527403,10,9.566666666666666
TPC,100,250,0.9616999999999999,0.012419071355513392,10,20.0
TPC,100,500,0.9637,0.008525126261691251,10,55.53333333333333
TPC,100,1000,0.9632,0.0064083279150389,10,369.43333333333334
TPC,250,125,0.9821,0.006838615844355253,10,84.89999999999999
TPC,250,250,0.9862,0.0019321835661585873,10,188.0666666666667
TPC,500,125,0.9906,0.0008432740427115627,10,542.5666666666667
TPC,500,250,0.9917,0.0004830458915396136,10,1301.7
