method,p,N,seed,status,cs
CITS-GPU,1000,500,3,ok,0.993
CITS-GPU,1000,500,4,ok,0.993
CITS-GPU,1000,1000,3,ok,0.986
CITS-GPU,1000,1000,4,ok,0.998
CITS-GPU,1000,250,4,ok,0.939
CITS-GPU,1000,250,3,ok,0.942
CITS-GPU,500,1000,4,ok,0.998
CITS-GPU,500,1000,3,ok,0.998
CITS-GPU,500,500,4,ok,0.995
CITS-GPU,500,500,3,ok,0.991
CITS-GPU,1000,125,4,ok,0.739
CITS-GPU,1000,125,3,ok,0.743
CITS-GPU,500,250,4,ok,0.948
CITS-GPU,500,250,3,ok,0.951
CITS-GPU,500,125,4,ok,0.78
CITS-GPU,250,1000,4,ok,0.997
CITS-GPU,250,1000,3,ok,0.997
CITS-GPU,500,125,3,ok,0.767
CITS-GPU,250,500,4,ok,0.99
CITS-GPU,250,500,3,ok,0.988
CITS-GPU,250,250,4,ok,0.962
CITS-GPU,100,1000,4,ok,0.997
CITS-GPU,250,250,3,ok,0.949
CITS-GPU,250,125,4,ok,0.786
CITS-GPU,100,1000,3,ok,0.997
CITS-GPU,250,125,3,ok,0.788
CITS-GPU,100,500,4,ok,0.997
CITS-GPU,100,500,3,ok,0.982
CITS-GPU,100,250,4,ok,0.951
CITS-GPU,100,125,4,ok,0.858
CITS-GPU,50,1000,4,ok,0.987
CITS-GPU,100,250,3,ok,0.962
CITS-GPU,100,125,3,ok,0.796
CITS-GPU,50,1000,3,ok,0.994
CITS-GPU,50,500,4,ok,0.976
CITS-GPU,50,500,3,ok,0.997
CITS-GPU,50,250,4,ok,0.967
CITS-GPU,50,250,3,ok,0.953
CITS-GPU,50,125,4,ok,0.823
CITS-GPU,50,125,3,ok,0.794
CITS-GPU,25,1000,4,ok,0.993
CITS-GPU,25,1000,3,ok,0.971
CITS-GPU,25,500,4,ok,0.953
CITS-GPU,25,500,3,ok,0.971
CITS-GPU,25,250,4,ok,0.955
CITS-GPU,25,250,3,ok,0.954
CITS-GPU,25,125,4,ok,0.822
CITS-GPU,25,125,3,ok,0.865
CITS-GPU,10,1000,4,ok,1.0
CITS-GPU,10,1000,3,ok,1.0
CITS-GPU,10,500,4,ok,1.0
CITS-GPU,10,500,3,ok,1.0
CITS-GPU,10,250,4,ok,1.0
CITS-GPU,10,250,3,ok,0.944
CITS-GPU,10,125,4,ok,1.0
CITS-GPU,10,125,3,ok,0.889
CITS-GPU,5,1000,4,ok,1.0
CITS-GPU,5,1000,3,ok,1.0
CITS-GPU,5,500,4,ok,1.0
CITS-GPU,5,500,3,ok,1.0
CITS-GPU,5,250,4,ok,1.0
CITS-GPU,5,250,3,ok,1.0
CITS-GPU,5,125,4,ok,1.0
CITS-GPU,5,125,3,ok,0.792
KernelGC,250,500,4,ok,0.954
KernelGC,250,500,3,ok,0.971
KernelGC,250,1000,4,ok,0.997
KernelGC,250,1000,3,ok,0.996
PCMCI+,100,1000,3,ok,0.96
PCMCI+,100,1000,4,ok,0.961
KernelGC,500,250,4,ok,0.699
KernelGC,500,250,3,ok,0.682
TPC,500,250,3,ok,0.992
KernelGC,100,1000,3,ok,0.996
KernelGC,100,1000,4,ok,0.998
TPC,500,250,4,ok,0.991
TPC,100,1000,3,ok,0.973
KernelGC,500,500,4,ok,0.966
KernelGC,500,500,3,ok,0.958
TPC,250,250,3,ok,0.985
TPC,250,250,4,ok,0.989
PCMCI+,50,1000,3,ok,0.944
PCMCI+,50,1000,4,ok,0.959
TPC,100,1000,4,ok,0.964
KernelGC,250,250,3,ok,0.677
KernelGC,250,250,4,ok,0.711
TPC,50,1000,3,ok,0.942
TPC,50,1000,4,ok,0.925
TPC,100,500,3,ok,0.962
KernelGC,50,1000,3,ok,0.994
KernelGC,50,1000,4,ok,0.997
PCMCI+,100,500,3,ok,0.963
TPC,500,125,3,ok,0.991
TPC,100,500,4,ok,0.961
TPC,500,125,4,ok,0.99
PCMCI+,100,500,4,ok,0.96
KernelGC,100,500,3,ok,0.985
PCMCI+,25,1000,3,ok,0.955
PCMCI+,25,1000,4,ok,0.955
KernelGC,100,500,4,ok,0.959
PCMCI+,50,500,3,ok,0.958
PCMCI+,50,500,4,ok,0.958
TPC,250,125,3,ok,0.986
TPC,250,125,4,ok,0.977
TPC,25,1000,4,ok,0.946
TPC,25,1000,3,ok,0.908
TPC,50,500,3,ok,0.92
TPC,100,250,3,ok,0.952
KernelGC,500,125,3,ok,0.144
KernelGC,25,1000,3,ok,0.969
TPC,50,500,4,ok,0.925
TPC,100,250,4,ok,0.959
KernelGC,500,125,4,ok,0.134
KernelGC,250,125,4,ok,0.147
KernelGC,250,125,3,ok,0.126
KernelGC,25,1000,4,ok,0.975
PCMCI+,100,250,4,ok,0.967
KernelGC,50,500,3,ok,0.968
KernelGC,50,500,4,ok,0.989
PCMCI+,25,500,3,ok,0.962
PCMCI+,25,500,4,ok,0.957
PCMCI+,50,250,3,ok,0.962
PCMCI+,50,250,4,ok,0.958
KernelGC,100,250,4,ok,0.758
KernelGC,100,250,3,ok,0.768
TPC,25,500,3,ok,0.871
TPC,25,500,4,ok,0.92
TPC,50,250,3,ok,0.885
LPCMCI,25,1000,4,ok,0.971
TPC,50,250,4,ok,0.915
TPC,100,125,3,ok,0.964
TPC,100,125,4,ok,0.948
KernelGC,25,500,3,ok,0.931
KernelGC,25,500,4,ok,0.957
KernelGC,50,250,3,ok,0.723
PCMCI+,100,250,3,ok,0.963
PCMCI+,100,125,4,ok,0.971
KernelGC,50,250,4,ok,0.763
PCMCI+,10,1000,3,ok,0.972
PCMCI+,10,1000,4,ok,0.947
TPC,10,1000,4,ok,0.902
TPC,10,1000,3,ok,0.722
PCMCI+,100,125,3,ok,0.971
KernelGC,10,1000,3,ok,0.944
KernelGC,10,1000,4,ok,0.974
KernelGC,100,125,3,ok,0.141
LPCMCI,25,500,4,ok,0.966
LPCMCI,10,1000,4,ok,0.961
PCMCI+,25,250,3,ok,0.969
KernelGC,100,125,4,ok,0.134
LPCMCI,10,1000,3,ok,0.972
PCMCI+,25,250,4,ok,0.944
TPC,25,250,3,ok,0.867
TPC,25,250,4,ok,0.895
PCMCI+,50,125,4,ok,0.962
TPC,50,125,3,ok,0.915
PCMCI+,50,125,3,ok,0.964
TPC,50,125,4,ok,0.916
KernelGC,25,250,3,ok,0.766
KernelGC,25,250,4,ok,0.783
PCMCI+,5,1000,3,ok,0.917
PCMCI+,5,1000,4,ok,1.0
PCMCI+,10,500,3,ok,0.958
PCMCI+,10,500,4,ok,0.947
KernelGC,50,125,3,ok,0.138
KernelGC,50,125,4,ok,0.093
TPC,5,1000,3,ok,0.917
TPC,5,1000,4,ok,1.0
TPC,10,500,3,ok,0.611
TPC,10,500,4,ok,0.902
KernelGC,5,1000,3,ok,1.0
KernelGC,5,1000,4,ok,1.0
KernelGC,10,500,3,ok,0.931
KernelGC,10,500,4,ok,1.0
LPCMCI,5,1000,4,ok,1.0
LPCMCI,5,1000,3,ok,0.833
LPCMCI,10,500,4,ok,0.961
PCMCI+,25,125,3,ok,0.957
LPCMCI,10,500,3,ok,1.0
PCMCI+,25,125,4,ok,0.946
TPC,25,125,3,ok,0.931
TPC,25,125,4,ok,0.879
KernelGC,25,125,3,ok,0.213
KernelGC,25,125,4,ok,0.109
PCMCI+,5,500,3,ok,0.917
PCMCI+,5,500,4,ok,0.938
PCMCI+,10,250,3,ok,0.931
PCMCI+,10,250,4,ok,0.947
TPC,5,500,3,ok,1.0
TPC,5,500,4,ok,0.938
LPCMCI,25,125,3,ok,0.964
LPCMCI,25,125,4,ok,0.982
TPC,10,250,3,ok,0.667
TPC,10,250,4,ok,0.844
KernelGC,5,500,3,ok,1.0
KernelGC,5,500,4,ok,1.0
KernelGC,10,250,3,ok,0.667
KernelGC,10,250,4,ok,0.929
LPCMCI,5,500,3,ok,0.917
LPCMCI,5,500,4,ok,0.938
LPCMCI,10,250,4,ok,0.987
LPCMCI,10,250,3,ok,0.972
PCMCI+,5,250,3,ok,1.0
PCMCI+,5,250,4,ok,0.875
PCMCI+,10,125,3,ok,0.944
PCMCI+,10,125,4,ok,0.921
TPC,5,250,3,ok,1.0
TPC,5,250,4,ok,0.938
TPC,10,125,3,ok,0.611
TPC,10,125,4,ok,0.929
KernelGC,5,250,3,ok,0.625
KernelGC,5,250,4,ok,1.0
KernelGC,10,125,3,ok,0.222
KernelGC,10,125,4,ok,0.214
LPCMCI,5,250,3,ok,0.917
LPCMCI,5,250,4,ok,0.875
LPCMCI,10,125,4,ok,0.961
PCMCI+,5,125,3,ok,0.917
LPCMCI,10,125,3,ok,1.0
PCMCI+,5,125,4,ok,0.938
TPC,5,125,3,ok,0.875
TPC,5,125,4,ok,1.0
KernelGC,5,125,3,ok,0.125
KernelGC,5,125,4,ok,0.25
LPCMCI,5,125,3,ok,0.917
LPCMCI,5,125,4,ok,0.938
LPCMCI,25,500,3,ok,0.975
LPCMCI,25,1000,3,ok,0.98
CITS-GPU,1000,1000,7,ok,0.983
CITS-GPU,1000,1000,8,ok,0.999
CITS-GPU,1000,1000,6,ok,0.999
CITS-GPU,1000,1000,9,ok,0.988
CITS-GPU,1000,1000,5,ok,0.999
CITS-GPU,1000,500,9,ok,0.993
CITS-GPU,1000,500,7,ok,0.993
CITS-GPU,1000,500,8,ok,0.997
CITS-GPU,1000,500,6,ok,0.996
CITS-GPU,1000,500,5,ok,0.994
CITS-GPU,1000,250,9,ok,0.948
CITS-GPU,1000,250,8,ok,0.94
CITS-GPU,1000,250,7,ok,0.945
CITS-GPU,1000,250,6,ok,0.93
CITS-GPU,1000,250,5,ok,0.941
CITS-GPU,1000,125,9,ok,0.751
CITS-GPU,1000,125,8,ok,0.732
CITS-GPU,500,1000,9,ok,0.998
CITS-GPU,1000,125,7,ok,0.74
CITS-GPU,1000,125,6,ok,0.741
CITS-GPU,500,1000,8,ok,0.998
CITS-GPU,1000,125,5,ok,0.743
CITS-GPU,500,1000,7,ok,0.998
CITS-GPU,500,1000,6,ok,0.997
CITS-GPU,500,1000,5,ok,0.997
CITS-GPU,500,500,9,ok,0.995
CITS-GPU,500,500,8,ok,0.992
CITS-GPU,500,500,6,ok,0.993
CITS-GPU,500,500,7,ok,0.995
CITS-GPU,500,500,5,ok,0.986
CITS-GPU,500,250,9,ok,0.962
CITS-GPU,500,250,8,ok,0.951
CITS-GPU,500,250,7,ok,0.946
CITS-GPU,500,250,6,ok,0.95
CITS-GPU,500,250,5,ok,0.94
CITS-GPU,500,125,9,ok,0.768
CITS-GPU,500,125,8,ok,0.767
CITS-GPU,500,125,7,ok,0.772
CITS-GPU,500,125,6,ok,0.761
CITS-GPU,250,1000,9,ok,0.998
CITS-GPU,500,125,5,ok,0.764
CITS-GPU,250,1000,8,ok,0.997
CITS-GPU,250,1000,7,ok,0.997
CITS-GPU,250,1000,6,ok,0.995
CITS-GPU,250,1000,5,ok,0.998
CITS-GPU,250,500,9,ok,0.998
CITS-GPU,250,500,8,ok,0.99
CITS-GPU,250,500,7,ok,0.996
CITS-GPU,250,500,6,ok,0.992
CITS-GPU,250,500,5,ok,0.995
CITS-GPU,250,250,9,ok,0.962
CITS-GPU,250,250,8,ok,0.953
CITS-GPU,250,250,7,ok,0.954
CITS-GPU,250,250,6,ok,0.938
CITS-GPU,250,250,5,ok,0.95
CITS-GPU,250,125,7,ok,0.809
CITS-GPU,250,125,9,ok,0.817
CITS-GPU,250,125,8,ok,0.797
CITS-GPU,250,125,6,ok,0.788
CITS-GPU,250,125,5,ok,0.793
CITS-GPU,100,1000,9,ok,0.997
CITS-GPU,100,1000,8,ok,0.997
CITS-GPU,100,1000,7,ok,0.997
CITS-GPU,100,1000,6,ok,0.997
CITS-GPU,100,1000,5,ok,0.997
CITS-GPU,100,500,9,ok,0.986
CITS-GPU,100,500,8,ok,0.982
CITS-GPU,100,500,7,ok,0.996
CITS-GPU,100,500,6,ok,0.993
CITS-GPU,100,500,5,ok,0.998
CITS-GPU,100,250,9,ok,0.925
CITS-GPU,100,250,8,ok,0.936
CITS-GPU,100,250,5,ok,0.956
CITS-GPU,100,250,7,ok,0.971
CITS-GPU,100,250,6,ok,0.95
CITS-GPU,100,125,9,ok,0.774
CITS-GPU,100,125,8,ok,0.775
CITS-GPU,100,125,7,ok,0.827
CITS-GPU,100,125,6,ok,0.777
CITS-GPU,100,125,5,ok,0.825
CITS-GPU,50,1000,9,ok,0.997
CITS-GPU,50,1000,8,ok,0.997
CITS-GPU,50,1000,7,ok,0.998
CITS-GPU,50,1000,6,ok,0.995
CITS-GPU,50,1000,5,ok,0.995
CITS-GPU,50,500,9,ok,0.996
CITS-GPU,50,500,8,ok,0.988
CITS-GPU,50,500,7,ok,0.978
CITS-GPU,50,500,6,ok,0.995
CITS-GPU,50,500,5,ok,0.997
CITS-GPU,50,250,9,ok,0.974
CITS-GPU,50,250,8,ok,0.989
CITS-GPU,50,250,7,ok,0.943
CITS-GPU,50,250,6,ok,0.953
CITS-GPU,50,250,5,ok,0.964
CITS-GPU,50,125,9,ok,0.9
CITS-GPU,50,125,8,ok,0.835
CITS-GPU,50,125,7,ok,0.85
CITS-GPU,50,125,6,ok,0.833
CITS-GPU,50,125,5,ok,0.857
CITS-GPU,25,1000,9,ok,0.996
CITS-GPU,25,1000,8,ok,0.995
CITS-GPU,25,1000,7,ok,1.0
CITS-GPU,25,1000,6,ok,0.998
CITS-GPU,25,1000,5,ok,0.986
CITS-GPU,25,500,9,ok,1.0
CITS-GPU,25,500,8,ok,0.972
CITS-GPU,25,500,7,ok,0.995
CITS-GPU,25,500,6,ok,1.0
CITS-GPU,25,500,5,ok,0.995
CITS-GPU,25,250,9,ok,0.909
CITS-GPU,25,250,8,ok,0.971
CITS-GPU,25,250,7,ok,0.998
CITS-GPU,25,250,6,ok,0.977
CITS-GPU,25,250,5,ok,0.955
CITS-GPU,25,125,9,ok,0.841
CITS-GPU,25,125,8,ok,0.798
CITS-GPU,25,125,7,ok,0.892
CITS-GPU,25,125,6,ok,0.724
CITS-GPU,25,125,5,ok,0.777
CITS-GPU,10,1000,9,ok,0.986
CITS-GPU,10,1000,8,ok,1.0
CITS-GPU,10,1000,7,ok,1.0
CITS-GPU,10,1000,6,ok,1.0
CITS-GPU,10,1000,5,ok,1.0
CITS-GPU,10,500,9,ok,0.917
CITS-GPU,10,500,8,ok,0.986
CITS-GPU,10,500,7,ok,1.0
CITS-GPU,10,500,6,ok,1.0
CITS-GPU,10,500,5,ok,1.0
CITS-GPU,10,250,9,ok,0.875
CITS-GPU,10,250,8,ok,0.944
CITS-GPU,10,250,7,ok,0.917
CITS-GPU,10,250,6,ok,0.987
CITS-GPU,10,250,5,ok,1.0
CITS-GPU,10,125,9,ok,0.778
CITS-GPU,10,125,8,ok,0.778
CITS-GPU,10,125,7,ok,0.764
CITS-GPU,10,125,6,ok,0.933
CITS-GPU,10,125,5,ok,0.861
CITS-GPU,5,1000,9,ok,1.0
CITS-GPU,5,1000,8,ok,1.0
CITS-GPU,5,1000,7,ok,1.0
CITS-GPU,5,1000,6,ok,1.0
CITS-GPU,5,1000,5,ok,1.0
CITS-GPU,5,500,9,ok,1.0
CITS-GPU,5,500,8,ok,1.0
CITS-GPU,5,500,7,ok,1.0
CITS-GPU,5,500,6,ok,0.857
CITS-GPU,5,500,5,ok,0.938
CITS-GPU,5,250,9,ok,0.929
CITS-GPU,5,250,8,ok,1.0
CITS-GPU,5,250,7,ok,1.0
CITS-GPU,5,250,6,ok,0.857
CITS-GPU,5,250,5,ok,1.0
CITS-GPU,5,125,9,ok,0.857
CITS-GPU,5,125,8,ok,1.0
CITS-GPU,5,125,7,ok,0.857
CITS-GPU,5,125,6,ok,0.857
CITS-GPU,5,125,5,ok,0.75
KernelGC,250,1000,5,ok,0.999
KernelGC,250,1000,8,ok,0.995
KernelGC,250,1000,9,ok,0.998
KernelGC,250,1000,7,ok,0.999
KernelGC,250,1000,6,ok,0.996
KernelGC,500,500,5,ok,0.958
KernelGC,500,500,7,ok,0.97
KernelGC,500,500,6,ok,0.974
TPC,500,250,7,ok,0.992
KernelGC,250,500,5,ok,0.968
TPC,500,250,5,ok,0.992
TPC,500,250,6,ok,0.992
KernelGC,500,500,8,ok,0.966
KernelGC,500,500,9,ok,0.973
KernelGC,250,500,6,ok,0.965
KernelGC,250,500,7,ok,0.964
KernelGC,250,500,8,ok,0.965
KernelGC,250,500,9,ok,0.982
TPC,500,250,8,ok,0.992
KernelGC,500,250,5,ok,0.689
KernelGC,500,250,6,ok,0.706
KernelGC,500,250,7,ok,0.715
TPC,500,250,9,ok,0.992
KernelGC,500,250,8,ok,0.659
PCMCI+,100,1000,5,ok,0.958
KernelGC,500,250,9,ok,0.71
TPC,100,1000,5,ok,0.971
PCMCI+,100,1000,8,ok,0.961
KernelGC,100,1000,5,ok,0.998
TPC,100,1000,9,ok,0.958
TPC,100,1000,7,ok,0.966
KernelGC,100,1000,6,ok,0.993
KernelGC,100,1000,7,ok,0.998
PCMCI+,100,1000,7,ok,0.961
KernelGC,100,1000,8,ok,0.995
KernelGC,100,1000,9,ok,0.992
PCMCI+,100,1000,6,ok,0.957
TPC,100,1000,6,ok,0.966
TPC,250,250,6,ok,0.986
TPC,250,250,7,ok,0.989
TPC,250,250,5,ok,0.987
PCMCI+,100,1000,9,ok,0.959
TPC,250,250,8,ok,0.983
TPC,250,250,9,ok,0.986
KernelGC,250,250,5,ok,0.692
KernelGC,250,250,6,ok,0.692
TPC,100,1000,8,ok,0.959
TPC,500,125,5,ok,0.991
TPC,500,125,6,ok,0.991
KernelGC,250,250,7,ok,0.708
KernelGC,250,250,8,ok,0.666
TPC,500,125,7,ok,0.991
TPC,500,125,8,ok,0.989
TPC,500,125,9,ok,0.991
PCMCI+,50,1000,5,ok,0.951
PCMCI+,50,1000,6,ok,0.957
PCMCI+,50,1000,7,ok,0.954
PCMCI+,50,1000,8,ok,0.954
KernelGC,250,250,9,ok,0.69
PCMCI+,50,1000,9,ok,0.954
PCMCI+,100,500,7,ok,0.964
PCMCI+,100,500,6,ok,0.963
KernelGC,500,125,5,ok,0.129
PCMCI+,100,500,8,ok,0.963
TPC,50,1000,5,ok,0.961
KernelGC,500,125,8,ok,0.121
KernelGC,500,125,9,ok,0.144
KernelGC,500,125,7,ok,0.142
KernelGC,500,125,6,ok,0.145
TPC,50,1000,7,ok,0.942
TPC,100,500,5,ok,0.967
TPC,50,1000,6,ok,0.935
TPC,50,1000,9,ok,0.954
PCMCI+,100,500,5,ok,0.962
TPC,50,1000,8,ok,0.962
TPC,100,500,7,ok,0.966
KernelGC,50,1000,5,ok,0.999
TPC,100,500,9,ok,0.975
KernelGC,50,1000,6,ok,0.997
KernelGC,50,1000,7,ok,0.985
TPC,100,500,6,ok,0.963
KernelGC,50,1000,8,ok,0.998
KernelGC,50,1000,9,ok,0.997
KernelGC,100,500,5,ok,0.969
KernelGC,100,500,6,ok,0.943
KernelGC,100,500,7,ok,0.953
KernelGC,100,500,8,ok,0.969
KernelGC,100,500,9,ok,0.958
TPC,250,125,5,ok,0.988
TPC,100,500,8,ok,0.949
TPC,250,125,6,ok,0.971
PCMCI+,100,500,9,ok,0.961
TPC,250,125,7,ok,0.982
PCMCI+,25,1000,5,ok,0.948
PCMCI+,25,1000,6,ok,0.957
TPC,250,125,9,ok,0.989
TPC,250,125,8,ok,0.986
PCMCI+,25,1000,7,ok,0.946
PCMCI+,25,1000,8,ok,0.941
PCMCI+,25,1000,9,ok,0.951
PCMCI+,50,500,5,ok,0.957
PCMCI+,50,500,7,ok,0.957
PCMCI+,50,500,6,ok,0.96
PCMCI+,50,500,8,ok,0.951
PCMCI+,50,500,9,ok,0.96
KernelGC,250,125,5,ok,0.117
KernelGC,250,125,6,ok,0.154
KernelGC,250,125,7,ok,0.125
TPC,25,1000,5,ok,0.986
KernelGC,250,125,8,ok,0.108
PCMCI+,100,250,5,ok,0.969
TPC,25,1000,7,ok,0.982
KernelGC,250,125,9,ok,0.156
TPC,25,1000,9,ok,0.952
TPC,25,1000,6,ok,0.915
PCMCI+,100,250,7,ok,0.969
TPC,50,500,5,ok,0.923
TPC,50,500,7,ok,0.929
TPC,25,1000,8,ok,0.962
PCMCI+,100,250,6,ok,0.966
TPC,50,500,6,ok,0.919
TPC,50,500,9,ok,0.914
TPC,100,250,5,ok,0.943
TPC,100,250,7,ok,0.979
TPC,50,500,8,ok,0.961
TPC,100,250,9,ok,0.968
KernelGC,25,1000,5,ok,0.989
KernelGC,25,1000,6,ok,0.984
TPC,100,250,6,ok,0.952
KernelGC,25,1000,7,ok,0.993
KernelGC,25,1000,8,ok,0.993
KernelGC,25,1000,9,ok,0.989
TPC,100,250,8,ok,0.962
KernelGC,50,500,5,ok,0.968
KernelGC,50,500,6,ok,0.948
KernelGC,50,500,7,ok,0.979
KernelGC,50,500,8,ok,0.98
KernelGC,50,500,9,ok,1.0
LPCMCI,25,1000,5,ok,0.969
PCMCI+,100,250,9,ok,0.963
KernelGC,100,250,5,ok,0.675
KernelGC,100,250,6,ok,0.682
KernelGC,100,250,7,ok,0.689
KernelGC,100,250,8,ok,0.701
KernelGC,100,250,9,ok,0.689
PCMCI+,25,500,5,ok,0.955
PCMCI+,25,500,6,ok,0.964
LPCMCI,25,1000,9,ok,0.987
PCMCI+,25,500,7,ok,0.939
PCMCI+,25,500,8,ok,0.942
PCMCI+,25,500,9,ok,0.951
PCMCI+,50,250,5,ok,0.958
PCMCI+,50,250,7,ok,0.963
PCMCI+,50,250,6,ok,0.952
PCMCI+,50,250,9,ok,0.961
PCMCI+,50,250,8,ok,0.953
LPCMCI,25,1000,8,ok,0.96
PCMCI+,100,250,8,ok,0.966
TPC,25,500,5,ok,0.924
PCMCI+,100,125,5,ok,0.969
TPC,25,500,7,ok,0.982
TPC,25,500,6,ok,0.947
PCMCI+,100,125,8,ok,0.969
TPC,25,500,9,ok,0.96
TPC,25,500,8,ok,0.941
TPC,50,250,5,ok,0.929
PCMCI+,100,125,6,ok,0.969
TPC,50,250,6,ok,0.952
TPC,50,250,7,ok,0.928
PCMCI+,100,125,7,ok,0.97
TPC,50,250,9,ok,0.937
TPC,50,250,8,ok,0.955
TPC,100,125,5,ok,0.979
PCMCI+,100,125,9,ok,0.97
TPC,100,125,6,ok,0.947
TPC,100,125,7,ok,0.956
KernelGC,25,500,5,ok,0.933
TPC,100,125,8,ok,0.943
TPC,100,125,9,ok,0.958
KernelGC,25,500,6,ok,0.979
KernelGC,25,500,7,ok,0.979
KernelGC,25,500,8,ok,0.956
KernelGC,25,500,9,ok,1.0
KernelGC,50,250,5,ok,0.67
KernelGC,50,250,6,ok,0.649
KernelGC,50,250,7,ok,0.789
KernelGC,50,250,8,ok,0.714
KernelGC,50,250,9,ok,0.723
KernelGC,100,125,5,ok,0.127
KernelGC,100,125,6,ok,0.133
KernelGC,100,125,7,ok,0.104
KernelGC,100,125,8,ok,0.162
LPCMCI,25,500,5,ok,0.968
KernelGC,100,125,9,ok,0.14
PCMCI+,10,1000,5,ok,0.946
PCMCI+,10,1000,6,ok,0.933
PCMCI+,10,1000,7,ok,0.958
PCMCI+,10,1000,8,ok,0.958
PCMCI+,10,1000,9,ok,0.972
TPC,10,1000,5,ok,0.875
TPC,10,1000,6,ok,0.773
TPC,10,1000,7,ok,0.889
TPC,10,1000,8,ok,0.889
TPC,10,1000,9,ok,0.958
KernelGC,10,1000,5,ok,1.0
KernelGC,10,1000,6,ok,0.973
KernelGC,10,1000,7,ok,0.958
LPCMCI,25,500,9,ok,0.975
KernelGC,10,1000,8,ok,0.931
KernelGC,10,1000,9,ok,0.972
LPCMCI,10,1000,5,ok,0.986
LPCMCI,10,1000,7,ok,0.972
LPCMCI,25,500,8,ok,0.977
LPCMCI,10,1000,6,ok,0.907
LPCMCI,10,1000,8,ok,0.986
LPCMCI,10,1000,9,ok,0.958
PCMCI+,25,250,5,ok,0.946
PCMCI+,25,250,6,ok,0.969
PCMCI+,25,250,7,ok,0.942
PCMCI+,25,250,8,ok,0.948
PCMCI+,25,250,9,ok,0.95
PCMCI+,50,125,5,ok,0.966
PCMCI+,50,125,6,ok,0.963
PCMCI+,50,125,7,ok,0.959
PCMCI+,50,125,8,ok,0.959
PCMCI+,50,125,9,ok,0.967
TPC,25,250,5,ok,0.958
TPC,25,250,7,ok,0.984
TPC,25,250,6,ok,0.904
TPC,25,250,8,ok,0.917
TPC,25,250,9,ok,0.939
TPC,50,125,5,ok,0.9
TPC,50,125,6,ok,0.917
TPC,50,125,7,ok,0.872
TPC,50,125,9,ok,0.934
TPC,50,125,8,ok,0.92
KernelGC,25,250,5,ok,0.717
KernelGC,25,250,6,ok,0.792
KernelGC,25,250,7,ok,0.617
KernelGC,25,250,8,ok,0.667
KernelGC,25,250,9,ok,0.756
KernelGC,50,125,5,ok,0.085
KernelGC,50,125,6,ok,0.124
KernelGC,50,125,7,ok,0.137
KernelGC,50,125,8,ok,0.102
PCMCI+,5,1000,5,ok,0.875
PCMCI+,5,1000,6,ok,1.0
PCMCI+,5,1000,7,ok,0.923
PCMCI+,5,1000,8,ok,1.0
PCMCI+,5,1000,9,ok,0.929
KernelGC,50,125,9,ok,0.149
PCMCI+,10,500,5,ok,0.919
PCMCI+,10,500,6,ok,0.947
PCMCI+,10,500,7,ok,0.931
PCMCI+,10,500,8,ok,0.958
PCMCI+,10,500,9,ok,0.917
TPC,5,1000,5,ok,0.938
TPC,5,1000,6,ok,1.0
TPC,5,1000,7,ok,1.0
TPC,5,1000,8,ok,1.0
TPC,5,1000,9,ok,0.929
TPC,10,500,5,ok,0.821
TPC,10,500,6,ok,0.76
TPC,10,500,7,ok,0.833
TPC,10,500,8,ok,0.875
TPC,10,500,9,ok,0.972
KernelGC,5,1000,5,ok,1.0
KernelGC,5,1000,6,ok,1.0
KernelGC,5,1000,7,ok,0.923
KernelGC,5,1000,8,ok,1.0
KernelGC,5,1000,9,ok,1.0
KernelGC,10,500,5,ok,1.0
KernelGC,10,500,6,ok,1.0
KernelGC,10,500,7,ok,1.0
KernelGC,10,500,8,ok,0.986
KernelGC,10,500,9,ok,0.944
LPCMCI,5,1000,5,ok,0.938
LPCMCI,5,1000,6,ok,0.923
LPCMCI,5,1000,7,ok,0.923
LPCMCI,5,1000,8,ok,1.0
LPCMCI,5,1000,9,ok,0.929
LPCMCI,25,1000,7,ok,0.971
LPCMCI,10,500,5,ok,0.919
LPCMCI,10,500,6,ok,0.987
LPCMCI,10,500,7,ok,1.0
LPCMCI,10,500,8,ok,0.944
PCMCI+,25,125,5,ok,0.946
LPCMCI,10,500,9,ok,0.958
PCMCI+,25,125,6,ok,0.969
PCMCI+,25,125,7,ok,0.951
PCMCI+,25,125,9,ok,0.962
PCMCI+,25,125,8,ok,0.944
TPC,25,125,5,ok,0.928
TPC,25,125,6,ok,0.889
TPC,25,125,7,ok,0.986
TPC,25,125,8,ok,0.941
TPC,25,125,9,ok,0.921
KernelGC,25,125,5,ok,0.065
KernelGC,25,125,6,ok,0.188
KernelGC,25,125,7,ok,0.106
KernelGC,25,125,9,ok,0.178
KernelGC,25,125,8,ok,0.133
LPCMCI,25,125,6,ok,0.989
PCMCI+,5,500,5,ok,1.0
PCMCI+,5,500,6,ok,1.0
PCMCI+,5,500,7,ok,1.0
PCMCI+,5,500,8,ok,1.0
PCMCI+,5,500,9,ok,0.929
PCMCI+,10,250,5,ok,0.959
PCMCI+,10,250,6,ok,0.947
PCMCI+,10,250,7,ok,1.0
PCMCI+,10,250,8,ok,0.944
PCMCI+,10,250,9,ok,0.917
TPC,5,500,5,ok,1.0
TPC,5,500,6,ok,0.857
TPC,5,500,7,ok,1.0
TPC,5,500,8,ok,0.857
TPC,5,500,9,ok,0.69
TPC,10,250,5,ok,0.812
TPC,10,250,6,ok,0.827
TPC,10,250,7,ok,0.889
TPC,10,250,8,ok,0.917
TPC,10,250,9,ok,0.958
KernelGC,5,500,5,ok,1.0
KernelGC,5,500,6,ok,0.857
KernelGC,5,500,7,ok,0.923
KernelGC,5,500,8,ok,0.857
KernelGC,5,500,9,ok,1.0
KernelGC,10,250,5,ok,0.562
KernelGC,10,250,6,ok,0.8
KernelGC,10,250,7,ok,0.722
KernelGC,10,250,8,ok,0.889
KernelGC,10,250,9,ok,0.778
LPCMCI,5,500,5,ok,1.0
LPCMCI,5,500,6,ok,1.0
LPCMCI,5,500,7,ok,1.0
LPCMCI,5,500,8,ok,0.923
LPCMCI,5,500,9,ok,0.929
LPCMCI,10,250,5,ok,0.959
LPCMCI,10,250,6,ok,0.96
LPCMCI,25,125,8,ok,0.969
LPCMCI,10,250,7,ok,1.0
LPCMCI,10,250,8,ok,0.972
LPCMCI,10,250,9,ok,0.972
PCMCI+,5,250,5,ok,1.0
PCMCI+,5,250,6,ok,1.0
PCMCI+,5,250,7,ok,0.923
PCMCI+,5,250,8,ok,1.0
PCMCI+,5,250,9,ok,0.929
PCMCI+,10,125,5,ok,0.919
PCMCI+,10,125,6,ok,0.96
PCMCI+,10,125,7,ok,0.958
PCMCI+,10,125,8,ok,0.931
PCMCI+,10,125,9,ok,0.958
TPC,5,250,5,ok,1.0
TPC,5,250,6,ok,0.714
TPC,5,250,7,ok,0.78
TPC,5,250,8,ok,0.857
TPC,5,250,9,ok,0.786
TPC,10,125,5,ok,0.821
TPC,10,125,6,ok,0.827
TPC,10,125,7,ok,0.806
TPC,10,125,8,ok,0.931
TPC,10,125,9,ok,0.889
KernelGC,5,250,5,ok,0.5
KernelGC,5,250,6,ok,0.714
KernelGC,5,250,7,ok,1.0
KernelGC,5,250,8,ok,0.571
KernelGC,5,250,9,ok,0.833
KernelGC,10,125,5,ok,0.062
KernelGC,10,125,6,ok,0.2
KernelGC,10,125,7,ok,0.167
KernelGC,10,125,8,ok,0.222
KernelGC,10,125,9,ok,0.111
LPCMCI,5,250,5,ok,1.0
LPCMCI,5,250,6,ok,1.0
LPCMCI,5,250,7,ok,0.923
LPCMCI,5,250,8,ok,1.0
LPCMCI,5,250,9,ok,0.857
LPCMCI,10,125,6,ok,0.947
LPCMCI,10,125,5,ok,0.919
LPCMCI,10,125,7,ok,0.958
LPCMCI,10,125,8,ok,0.972
LPCMCI,10,125,9,ok,0.944
PCMCI+,5,125,5,ok,0.688
PCMCI+,5,125,6,ok,1.0
PCMCI+,5,125,7,ok,0.846
PCMCI+,5,125,8,ok,0.923
PCMCI+,5,125,9,ok,0.786
TPC,5,125,5,ok,0.875
TPC,5,125,6,ok,0.571
TPC,5,125,7,ok,0.56
TPC,5,125,8,ok,0.571
TPC,5,125,9,ok,0.762
KernelGC,5,125,5,ok,0.0
KernelGC,5,125,6,ok,0.143
KernelGC,5,125,7,ok,0.429
KernelGC,5,125,8,ok,0.429
KernelGC,5,125,9,ok,0.0
LPCMCI,5,125,5,ok,0.812
LPCMCI,5,125,6,ok,1.0
LPCMCI,5,125,7,ok,0.846
LPCMCI,5,125,8,ok,1.0
LPCMCI,5,125,9,ok,0.929
LPCMCI,25,125,9,ok,0.984
LPCMCI,25,125,7,ok,0.971
LPCMCI,25,1000,6,ok,0.976
LPCMCI,25,500,7,ok,0.969
LPCMCI,25,500,6,ok,0.973
LPCMCI,25,125,5,ok,0.975
