regime,tau,seed,T,noise,method,max_cond_size,runtime_sec,note,directed_TPR,directed_FPR,directed_CS,directed_CS_lenient,n_true_directed,n_neg_directed,n_pred_edges
lingauss1,1,0,1000,1.0,CITS_gpu_rcit,5,1.1634,,1.0,0.0,1.0,1.0,3,9,3
lingauss1,1,1,1000,1.0,CITS_gpu_rcit,5,1.5211,,1.0,0.0,1.0,1.0,3,9,3
lingauss1,1,2,1000,1.0,CITS_gpu_rcit,5,1.66,,1.0,0.0,1.0,1.0,3,9,3
lingauss1,1,3,1000,1.0,CITS_gpu_rcit,5,0.7089,,1.0,0.0,1.0,1.0,3,9,3
lingauss1,2,0,1000,1.0,CITS_gpu_rcit,5,2.7299,,0.666667,0.0,0.666667,0.666667,3,9,2
lingauss1,2,2,1000,1.0,CITS_gpu_rcit,5,2.7598,,1.0,0.0,1.0,1.0,3,9,3
lingauss1,2,1,1000,1.0,CITS_gpu_rcit,5,2.8093,,1.0,0.0,1.0,1.0,3,9,3
lingauss1,1,4,1000,1.0,CITS_gpu_rcit,5,0.6287,,1.0,0.0,1.0,1.0,3,9,3
lingauss1,1,5,1000,1.0,CITS_gpu_rcit,5,0.3234,,1.0,0.0,1.0,1.0,3,9,3
lingauss1,2,3,1000,1.0,CITS_gpu_rcit,5,3.5926,,1.0,0.0,1.0,1.0,3,9,3
lingauss1,2,4,1000,1.0,CITS_gpu_rcit,5,3.6618,,1.0,0.0,1.0,1.0,3,9,3
lingauss1,2,5,1000,1.0,CITS_gpu_rcit,5,3.6581,,1.0,0.0,1.0,1.0,3,9,3
lingauss1,1,6,1000,1.0,CITS_gpu_rcit,5,1.1322,,1.0,0.0,1.0,1.0,3,9,3
lingauss1,3,4,1000,1.0,CITS_gpu_rcit,5,6.3698,,0.666667,0.0,0.666667,0.666667,3,9,2
lingauss1,3,1,1000,1.0,CITS_gpu_rcit,5,9.5918,,0.666667,0.0,0.666667,0.666667,3,9,2
lingauss1,1,7,1000,1.0,CITS_gpu_rcit,5,0.5165,,1.0,0.0,1.0,1.0,3,9,3
lingauss1,3,2,1000,1.0,CITS_gpu_rcit,5,9.419,,0.666667,0.0,0.666667,0.666667,3,9,2
lingauss1,1,8,1000,1.0,CITS_gpu_rcit,5,0.1285,,1.0,0.0,1.0,1.0,3,9,3
lingauss1,2,6,1000,1.0,CITS_gpu_rcit,5,3.284,,0.666667,0.0,0.666667,0.666667,3,9,2
lingauss1,2,7,1000,1.0,CITS_gpu_rcit,5,1.8103,,1.0,0.0,1.0,1.0,3,9,3
lingauss1,1,9,1000,1.0,CITS_gpu_rcit,5,0.8501,,1.0,0.0,1.0,1.0,3,9,3
lingauss1,3,0,1000,1.0,CITS_gpu_rcit,5,12.9155,,0.666667,0.0,0.666667,0.666667,3,9,2
lingauss1,2,8,1000,1.0,CITS_gpu_rcit,5,4.4156,,1.0,0.0,1.0,1.0,3,9,3
lingauss1,1,10,1000,1.0,CITS_gpu_rcit,5,0.3151,,1.0,0.0,1.0,1.0,3,9,3
lingauss1,2,9,1000,1.0,CITS_gpu_rcit,5,3.3086,,1.0,0.0,1.0,1.0,3,9,3
lingauss1,3,3,1000,1.0,CITS_gpu_rcit,5,13.8842,,1.0,0.0,1.0,1.0,3,9,3
lingauss1,1,11,1000,1.0,CITS_gpu_rcit,5,0.2749,,1.0,0.0,1.0,1.0,3,9,3
lingauss1,2,10,1000,1.0,CITS_gpu_rcit,5,3.0965,,1.0,0.0,1.0,1.0,3,9,3
lingauss1,3,6,1000,1.0,CITS_gpu_rcit,5,12.7569,,1.0,0.0,1.0,1.0,3,9,3
lingauss1,2,11,1000,1.0,CITS_gpu_rcit,5,4.0194,,1.0,0.0,1.0,1.0,3,9,3
lingauss1,1,12,1000,1.0,CITS_gpu_rcit,5,0.1734,,1.0,0.0,1.0,1.0,3,9,3
lingauss1,3,7,1000,1.0,CITS_gpu_rcit,5,10.9099,,1.0,0.0,1.0,1.0,3,9,3
lingauss1,1,13,1000,1.0,CITS_gpu_rcit,5,0.128,,1.0,0.0,1.0,1.0,3,9,3
lingauss1,3,5,1000,1.0,CITS_gpu_rcit,5,17.4504,,1.0,0.111111,0.888889,0.888889,3,9,4
lingauss1,2,12,1000,1.0,CITS_gpu_rcit,5,3.0939,,1.0,0.0,1.0,1.0,3,9,3
lingauss1,1,14,1000,1.0,CITS_gpu_rcit,5,0.3617,,1.0,0.0,1.0,1.0,3,9,3
lingauss1,2,13,1000,1.0,CITS_gpu_rcit,5,3.7649,,1.0,0.0,1.0,1.0,3,9,3
lingauss1,3,10,1000,1.0,CITS_gpu_rcit,5,9.3976,,0.666667,0.0,0.666667,0.666667,3,9,2
lingauss1,1,15,1000,1.0,CITS_gpu_rcit,5,0.313,,1.0,0.0,1.0,1.0,3,9,3
lingauss1,3,8,1000,1.0,CITS_gpu_rcit,5,14.9259,,0.666667,0.0,0.666667,0.666667,3,9,2
lingauss1,3,9,1000,1.0,CITS_gpu_rcit,5,12.8533,,1.0,0.0,1.0,1.0,3,9,3
lingauss1,1,16,1000,1.0,CITS_gpu_rcit,5,0.4555,,1.0,0.0,1.0,1.0,3,9,3
lingauss1,2,14,1000,1.0,CITS_gpu_rcit,5,3.8061,,1.0,0.0,1.0,1.0,3,9,3
lingauss1,2,15,1000,1.0,CITS_gpu_rcit,5,2.928,,1.0,0.0,1.0,1.0,3,9,3
lingauss1,1,17,1000,1.0,CITS_gpu_rcit,5,0.3341,,1.0,0.0,1.0,1.0,3,9,3
lingauss1,3,11,1000,1.0,CITS_gpu_rcit,5,10.9904,,0.666667,0.0,0.666667,0.666667,3,9,2
lingauss1,2,16,1000,1.0,CITS_gpu_rcit,5,3.9361,,1.0,0.0,1.0,1.0,3,9,3
lingauss1,1,18,1000,1.0,CITS_gpu_rcit,5,0.5871,,1.0,0.0,1.0,1.0,3,9,3
lingauss1,2,17,1000,1.0,CITS_gpu_rcit,5,2.9028,,1.0,0.0,1.0,1.0,3,9,3
lingauss1,3,12,1000,1.0,CITS_gpu_rcit,5,12.5535,,1.0,0.0,1.0,1.0,3,9,3
lingauss1,1,19,1000,1.0,CITS_gpu_rcit,5,0.6645,,1.0,0.0,1.0,1.0,3,9,3
lingauss1,2,18,1000,1.0,CITS_gpu_rcit,5,3.6679,,1.0,0.0,1.0,1.0,3,9,3
lingauss1,3,14,1000,1.0,CITS_gpu_rcit,5,10.7187,,0.666667,0.0,0.666667,0.666667,3,9,2
lingauss1,3,13,1000,1.0,CITS_gpu_rcit,5,12.7443,,1.0,0.0,1.0,1.0,3,9,3
lingauss2,1,0,1000,1.0,CITS_gpu_rcit,5,0.1822,,1.0,0.0,1.0,1.0,4,8,4
lingauss1,3,15,1000,1.0,CITS_gpu_rcit,5,11.4825,,1.0,0.0,1.0,1.0,3,9,3
lingauss1,2,19,1000,1.0,CITS_gpu_rcit,5,3.3674,,1.0,0.0,1.0,1.0,3,9,3
lingauss2,1,1,1000,1.0,CITS_gpu_rcit,5,0.18,,1.0,0.0,1.0,1.0,4,8,4
lingauss1,3,16,1000,1.0,CITS_gpu_rcit,5,9.9152,,0.666667,0.0,0.666667,0.666667,3,9,2
lingauss2,1,2,1000,1.0,CITS_gpu_rcit,5,0.1584,,1.0,0.0,1.0,1.0,4,8,4
lingauss2,2,0,1000,1.0,CITS_gpu_rcit,5,4.9579,,1.0,0.0,1.0,1.0,4,8,4
lingauss1,3,17,1000,1.0,CITS_gpu_rcit,5,11.8977,,1.0,0.0,1.0,1.0,3,9,3
lingauss2,1,3,1000,1.0,CITS_gpu_rcit,5,0.1655,,1.0,0.0,1.0,1.0,4,8,4
lingauss2,2,1,1000,1.0,CITS_gpu_rcit,5,5.4216,,1.0,0.125,0.875,0.875,4,8,5
lingauss2,2,2,1000,1.0,CITS_gpu_rcit,5,4.9043,,1.0,0.0,1.0,1.0,4,8,4
lingauss2,1,4,1000,1.0,CITS_gpu_rcit,5,0.7667,,1.0,0.0,1.0,1.0,4,8,4
lingauss1,3,18,1000,1.0,CITS_gpu_rcit,5,13.8506,,1.0,0.0,1.0,1.0,3,9,3
lingauss2,2,3,1000,1.0,CITS_gpu_rcit,5,4.9425,,1.0,0.125,0.875,0.875,4,8,5
lingauss2,1,5,1000,1.0,CITS_gpu_rcit,5,0.4302,,1.0,0.0,1.0,1.0,4,8,4
lingauss1,3,19,1000,1.0,CITS_gpu_rcit,5,13.6908,,1.0,0.0,1.0,1.0,3,9,3
lingauss2,2,4,1000,1.0,CITS_gpu_rcit,5,4.9706,,1.0,0.0,1.0,1.0,4,8,4
lingauss2,1,6,1000,1.0,CITS_gpu_rcit,5,0.5891,,1.0,0.0,1.0,1.0,4,8,4
lingauss2,3,0,1000,1.0,CITS_gpu_rcit,5,15.3094,,1.0,0.0,1.0,1.0,4,8,4
lingauss2,2,5,1000,1.0,CITS_gpu_rcit,5,5.4068,,1.0,0.125,0.875,0.875,4,8,5
lingauss2,1,7,1000,1.0,CITS_gpu_rcit,5,0.4019,,1.0,0.0,1.0,1.0,4,8,4
lingauss2,2,6,1000,1.0,CITS_gpu_rcit,5,4.12,,1.0,0.0,1.0,1.0,4,8,4
lingauss2,3,1,1000,1.0,CITS_gpu_rcit,5,18.1222,,1.0,0.0,1.0,1.0,4,8,4
lingauss2,1,8,1000,1.0,CITS_gpu_rcit,5,0.3479,,1.0,0.0,1.0,1.0,4,8,4
lingauss2,2,7,1000,1.0,CITS_gpu_rcit,5,5.4081,,1.0,0.0,1.0,1.0,4,8,4
lingauss2,3,2,1000,1.0,CITS_gpu_rcit,5,18.0932,,1.0,0.0,1.0,1.0,4,8,4
lingauss2,1,9,1000,1.0,CITS_gpu_rcit,5,0.7096,,1.0,0.0,1.0,1.0,4,8,4
lingauss2,2,8,1000,1.0,CITS_gpu_rcit,5,4.8125,,1.0,0.0,1.0,1.0,4,8,4
lingauss2,3,3,1000,1.0,CITS_gpu_rcit,5,20.1231,,1.0,0.125,0.875,0.875,4,8,5
lingauss2,1,10,1000,1.0,CITS_gpu_rcit,5,0.3805,,1.0,0.0,1.0,1.0,4,8,4
lingauss2,2,9,1000,1.0,CITS_gpu_rcit,5,4.632,,1.0,0.0,1.0,1.0,4,8,4
lingauss2,3,4,1000,1.0,CITS_gpu_rcit,5,21.7308,,1.0,0.0,1.0,1.0,4,8,4
lingauss2,1,11,1000,1.0,CITS_gpu_rcit,5,0.5377,,1.0,0.0,1.0,1.0,4,8,4
lingauss2,2,10,1000,1.0,CITS_gpu_rcit,5,6.9271,,1.0,0.0,1.0,1.0,4,8,4
lingauss2,3,6,1000,1.0,CITS_gpu_rcit,5,19.9612,,1.0,0.0,1.0,1.0,4,8,4
lingauss2,1,12,1000,1.0,CITS_gpu_rcit,5,0.3055,,1.0,0.0,1.0,1.0,4,8,4
lingauss2,2,11,1000,1.0,CITS_gpu_rcit,5,6.2766,,1.0,0.0,1.0,1.0,4,8,4
lingauss2,3,5,1000,1.0,CITS_gpu_rcit,5,25.6104,,1.0,0.125,0.875,0.875,4,8,5
lingauss2,1,13,1000,1.0,CITS_gpu_rcit,5,0.6114,,1.0,0.0,1.0,1.0,4,8,4
lingauss2,3,7,1000,1.0,CITS_gpu_rcit,5,23.6364,,1.0,0.0,1.0,1.0,4,8,4
lingauss2,2,12,1000,1.0,CITS_gpu_rcit,5,7.7971,,1.0,0.0,1.0,1.0,4,8,4
lingauss2,1,14,1000,1.0,CITS_gpu_rcit,5,0.5723,,1.0,0.0,1.0,1.0,4,8,4
lingauss2,2,13,1000,1.0,CITS_gpu_rcit,5,8.4999,,1.0,0.125,0.875,0.875,4,8,5
lingauss2,2,14,1000,1.0,CITS_gpu_rcit,5,5.8769,,1.0,0.0,1.0,1.0,4,8,4
lingauss2,1,15,1000,1.0,CITS_gpu_rcit,5,0.6089,,1.0,0.0,1.0,1.0,4,8,4
lingauss2,3,8,1000,1.0,CITS_gpu_rcit,5,30.0609,,1.0,0.125,0.875,0.875,4,8,5
lingauss2,3,9,1000,1.0,CITS_gpu_rcit,5,29.1871,,1.0,0.0,1.0,1.0,4,8,4
lingauss2,1,16,1000,1.0,CITS_gpu_rcit,5,0.54,,1.0,0.0,1.0,1.0,4,8,4
lingauss2,2,15,1000,1.0,CITS_gpu_rcit,5,9.7694,,1.0,0.125,0.875,0.875,4,8,5
lingauss2,2,16,1000,1.0,CITS_gpu_rcit,5,6.751,,1.0,0.0,1.0,1.0,4,8,4
lingauss2,1,17,1000,1.0,CITS_gpu_rcit,5,0.5283,,1.0,0.0,1.0,1.0,4,8,4
lingauss2,3,10,1000,1.0,CITS_gpu_rcit,5,33.7761,,1.0,0.0,1.0,1.0,4,8,4
lingauss2,3,11,1000,1.0,CITS_gpu_rcit,5,28.4912,,1.0,0.0,1.0,1.0,4,8,4
lingauss2,1,18,1000,1.0,CITS_gpu_rcit,5,0.6027,,1.0,0.0,1.0,1.0,4,8,4
lingauss2,3,13,1000,1.0,CITS_gpu_rcit,5,28.2681,,1.0,0.0,1.0,1.0,4,8,4
lingauss2,2,17,1000,1.0,CITS_gpu_rcit,5,7.7709,,1.0,0.0,1.0,1.0,4,8,4
lingauss2,1,19,1000,1.0,CITS_gpu_rcit,5,0.3263,,1.0,0.0,1.0,1.0,4,8,4
lingauss2,2,18,1000,1.0,CITS_gpu_rcit,5,9.1962,,1.0,0.125,0.875,0.875,4,8,5
lingauss2,3,12,1000,1.0,CITS_gpu_rcit,5,35.9215,,1.0,0.0,1.0,1.0,4,8,4
nonlinnongauss1,1,0,1000,1.0,CITS_gpu_rcit,5,0.556,,1.0,0.0,1.0,1.0,3,9,3
lingauss2,2,19,1000,1.0,CITS_gpu_rcit,5,7.5386,,1.0,0.0,1.0,1.0,4,8,4
lingauss2,3,14,1000,1.0,CITS_gpu_rcit,5,30.3596,,1.0,0.0,1.0,1.0,4,8,4
nonlinnongauss1,1,1,1000,1.0,CITS_gpu_rcit,5,0.4947,,1.0,0.0,1.0,1.0,3,9,3
nonlinnongauss1,2,0,1000,1.0,CITS_gpu_rcit,5,6.1929,,1.0,0.0,1.0,1.0,3,9,3
nonlinnongauss1,2,1,1000,1.0,CITS_gpu_rcit,5,5.0134,,1.0,0.0,1.0,1.0,3,9,3
nonlinnongauss1,1,2,1000,1.0,CITS_gpu_rcit,5,0.5554,,1.0,0.0,1.0,1.0,3,9,3
lingauss2,3,15,1000,1.0,CITS_gpu_rcit,5,34.5159,,1.0,0.0,1.0,1.0,4,8,4
nonlinnongauss1,2,2,1000,1.0,CITS_gpu_rcit,5,4.791,,1.0,0.0,1.0,1.0,3,9,3
nonlinnongauss1,1,3,1000,1.0,CITS_gpu_rcit,5,0.5169,,1.0,0.0,1.0,1.0,3,9,3
lingauss2,3,17,1000,1.0,CITS_gpu_rcit,5,28.8948,,1.0,0.0,1.0,1.0,4,8,4
nonlinnongauss1,2,3,1000,1.0,CITS_gpu_rcit,5,5.3448,,1.0,0.0,1.0,1.0,3,9,3
lingauss2,3,16,1000,1.0,CITS_gpu_rcit,5,34.7167,,1.0,0.125,0.875,0.875,4,8,5
nonlinnongauss1,1,4,1000,1.0,CITS_gpu_rcit,5,0.5517,,1.0,0.0,1.0,1.0,3,9,3
lingauss2,3,18,1000,1.0,CITS_gpu_rcit,5,27.5681,,1.0,0.0,1.0,1.0,4,8,4
nonlinnongauss1,1,5,1000,1.0,CITS_gpu_rcit,5,0.5382,,1.0,0.0,1.0,1.0,3,9,3
nonlinnongauss1,2,4,1000,1.0,CITS_gpu_rcit,5,4.3461,,1.0,0.0,1.0,1.0,3,9,3
lingauss2,3,19,1000,1.0,CITS_gpu_rcit,5,27.8606,,1.0,0.0,1.0,1.0,4,8,4
nonlinnongauss1,3,1,1000,1.0,CITS_gpu_rcit,5,19.9363,,1.0,0.0,1.0,1.0,3,9,3
nonlinnongauss1,1,6,1000,1.0,CITS_gpu_rcit,5,0.4929,,1.0,0.0,1.0,1.0,3,9,3
nonlinnongauss1,3,0,1000,1.0,CITS_gpu_rcit,5,24.0482,,1.0,0.0,1.0,1.0,3,9,3
nonlinnongauss1,1,7,1000,1.0,CITS_gpu_rcit,5,0.2758,,1.0,0.0,1.0,1.0,3,9,3
nonlinnongauss1,2,5,1000,1.0,CITS_gpu_rcit,5,5.0828,,1.0,0.0,1.0,1.0,3,9,3
nonlinnongauss1,2,6,1000,1.0,CITS_gpu_rcit,5,5.5046,,1.0,0.0,1.0,1.0,3,9,3
nonlinnongauss1,1,8,1000,1.0,CITS_gpu_rcit,5,0.5209,,1.0,0.0,1.0,1.0,3,9,3
nonlinnongauss1,2,7,1000,1.0,CITS_gpu_rcit,5,4.8898,,1.0,0.0,1.0,1.0,3,9,3
nonlinnongauss1,3,2,1000,1.0,CITS_gpu_rcit,5,23.3289,,1.0,0.0,1.0,1.0,3,9,3
nonlinnongauss1,1,9,1000,1.0,CITS_gpu_rcit,5,0.4561,,1.0,0.0,1.0,1.0,3,9,3
nonlinnongauss1,2,8,1000,1.0,CITS_gpu_rcit,5,5.7705,,1.0,0.0,1.0,1.0,3,9,3
nonlinnongauss1,3,3,1000,1.0,CITS_gpu_rcit,5,22.9668,,1.0,0.0,1.0,1.0,3,9,3
nonlinnongauss1,1,10,1000,1.0,CITS_gpu_rcit,5,0.546,,1.0,0.0,1.0,1.0,3,9,3
nonlinnongauss1,2,9,1000,1.0,CITS_gpu_rcit,5,4.645,,1.0,0.0,1.0,1.0,3,9,3
nonlinnongauss1,3,4,1000,1.0,CITS_gpu_rcit,5,22.7212,,1.0,0.0,1.0,1.0,3,9,3
nonlinnongauss1,1,11,1000,1.0,CITS_gpu_rcit,5,0.5156,,1.0,0.0,1.0,1.0,3,9,3
nonlinnongauss1,2,10,1000,1.0,CITS_gpu_rcit,5,5.3331,,1.0,0.0,1.0,1.0,3,9,3
nonlinnongauss1,3,7,1000,1.0,CITS_gpu_rcit,5,19.6518,,1.0,0.0,1.0,1.0,3,9,3
nonlinnongauss1,3,6,1000,1.0,CITS_gpu_rcit,5,21.5567,,1.0,0.0,1.0,1.0,3,9,3
nonlinnongauss1,1,12,1000,1.0,CITS_gpu_rcit,5,0.3596,,1.0,0.0,1.0,1.0,3,9,3
nonlinnongauss1,2,11,1000,1.0,CITS_gpu_rcit,5,5.7276,,1.0,0.0,1.0,1.0,3,9,3
nonlinnongauss1,1,13,1000,1.0,CITS_gpu_rcit,5,0.3083,,1.0,0.0,1.0,1.0,3,9,3
nonlinnongauss1,3,5,1000,1.0,CITS_gpu_rcit,5,25.0617,,1.0,0.0,1.0,1.0,3,9,3
nonlinnongauss1,2,12,1000,1.0,CITS_gpu_rcit,5,4.8957,,1.0,0.0,1.0,1.0,3,9,3
nonlinnongauss1,1,14,1000,1.0,CITS_gpu_rcit,5,0.5288,,1.0,0.0,1.0,1.0,3,9,3
nonlinnongauss1,2,13,1000,1.0,CITS_gpu_rcit,5,4.9814,,1.0,0.0,1.0,1.0,3,9,3
nonlinnongauss1,3,8,1000,1.0,CITS_gpu_rcit,5,24.5054,,1.0,0.0,1.0,1.0,3,9,3
nonlinnongauss1,1,15,1000,1.0,CITS_gpu_rcit,5,0.5036,,1.0,0.0,1.0,1.0,3,9,3
nonlinnongauss1,3,9,1000,1.0,CITS_gpu_rcit,5,20.4104,,1.0,0.0,1.0,1.0,3,9,3
nonlinnongauss1,2,14,1000,1.0,CITS_gpu_rcit,5,5.3158,,1.0,0.0,1.0,1.0,3,9,3
nonlinnongauss1,1,16,1000,1.0,CITS_gpu_rcit,5,0.5033,,1.0,0.0,1.0,1.0,3,9,3
nonlinnongauss1,2,15,1000,1.0,CITS_gpu_rcit,5,5.1153,,1.0,0.0,1.0,1.0,3,9,3
nonlinnongauss1,3,10,1000,1.0,CITS_gpu_rcit,5,22.9741,,1.0,0.0,1.0,1.0,3,9,3
nonlinnongauss1,1,17,1000,1.0,CITS_gpu_rcit,5,0.425,,1.0,0.0,1.0,1.0,3,9,3
nonlinnongauss1,2,16,1000,1.0,CITS_gpu_rcit,5,5.3075,,1.0,0.0,1.0,1.0,3,9,3
nonlinnongauss1,3,11,1000,1.0,CITS_gpu_rcit,5,22.6702,,1.0,0.0,1.0,1.0,3,9,3
nonlinnongauss1,1,18,1000,1.0,CITS_gpu_rcit,5,0.5312,,1.0,0.0,1.0,1.0,3,9,3
nonlinnongauss1,2,17,1000,1.0,CITS_gpu_rcit,5,4.7247,,1.0,0.0,1.0,1.0,3,9,3
nonlinnongauss1,3,12,1000,1.0,CITS_gpu_rcit,5,20.9907,,1.0,0.0,1.0,1.0,3,9,3
nonlinnongauss1,1,19,1000,1.0,CITS_gpu_rcit,5,0.5319,,1.0,0.0,1.0,1.0,3,9,3
nonlinnongauss1,2,18,1000,1.0,CITS_gpu_rcit,5,4.9403,,1.0,0.0,1.0,1.0,3,9,3
nonlinnongauss1,3,13,1000,1.0,CITS_gpu_rcit,5,24.9836,,1.0,0.0,1.0,1.0,3,9,3
nonlinnongauss2,1,0,1000,1.0,CITS_gpu_rcit,5,0.5782,,1.0,0.0,1.0,1.0,4,8,4
nonlinnongauss1,2,19,1000,1.0,CITS_gpu_rcit,5,5.8544,,1.0,0.0,1.0,1.0,3,9,3
nonlinnongauss1,3,14,1000,1.0,CITS_gpu_rcit,5,22.2693,,1.0,0.0,1.0,1.0,3,9,3
nonlinnongauss2,1,1,1000,1.0,CITS_gpu_rcit,5,0.5836,,1.0,0.0,1.0,1.0,4,8,4
nonlinnongauss1,3,15,1000,1.0,CITS_gpu_rcit,5,20.0317,,1.0,0.0,1.0,1.0,3,9,3
nonlinnongauss2,2,1,1000,1.0,CITS_gpu_rcit,5,5.2206,,1.0,0.0,1.0,1.0,4,8,4
nonlinnongauss2,2,0,1000,1.0,CITS_gpu_rcit,5,7.6238,,1.0,0.125,0.875,0.875,4,8,5
nonlinnongauss2,1,2,1000,1.0,CITS_gpu_rcit,5,0.6184,,1.0,0.0,1.0,1.0,4,8,4
nonlinnongauss1,3,16,1000,1.0,CITS_gpu_rcit,5,24.4039,,1.0,0.0,1.0,1.0,3,9,3
nonlinnongauss2,1,3,1000,1.0,CITS_gpu_rcit,5,0.4211,,1.0,0.0,1.0,1.0,4,8,4
nonlinnongauss1,3,17,1000,1.0,CITS_gpu_rcit,5,22.6116,,1.0,0.0,1.0,1.0,3,9,3
nonlinnongauss1,3,18,1000,1.0,CITS_gpu_rcit,5,21.6887,,1.0,0.0,1.0,1.0,3,9,3
nonlinnongauss2,2,2,1000,1.0,CITS_gpu_rcit,5,7.8106,,1.0,0.0,1.0,1.0,4,8,4
nonlinnongauss2,1,4,1000,1.0,CITS_gpu_rcit,5,0.327,,1.0,0.0,1.0,1.0,4,8,4
nonlinnongauss2,2,3,1000,1.0,CITS_gpu_rcit,5,6.4838,,1.0,0.0,1.0,1.0,4,8,4
nonlinnongauss2,1,5,1000,1.0,CITS_gpu_rcit,5,0.6047,,1.0,0.0,1.0,1.0,4,8,4
nonlinnongauss1,3,19,1000,1.0,CITS_gpu_rcit,5,22.585,,1.0,0.0,1.0,1.0,3,9,3
nonlinnongauss2,2,4,1000,1.0,CITS_gpu_rcit,5,7.6957,,1.0,0.0,1.0,1.0,4,8,4
nonlinnongauss2,1,6,1000,1.0,CITS_gpu_rcit,5,0.5721,,1.0,0.0,1.0,1.0,4,8,4
nonlinnongauss2,2,5,1000,1.0,CITS_gpu_rcit,5,6.7354,,1.0,0.0,1.0,1.0,4,8,4
nonlinnongauss2,3,0,1000,1.0,CITS_gpu_rcit,5,28.1895,,1.0,0.0,1.0,1.0,4,8,4
nonlinnongauss2,1,7,1000,1.0,CITS_gpu_rcit,5,0.4231,,1.0,0.0,1.0,1.0,4,8,4
nonlinnongauss2,2,6,1000,1.0,CITS_gpu_rcit,5,5.6332,,1.0,0.0,1.0,1.0,4,8,4
nonlinnongauss2,3,1,1000,1.0,CITS_gpu_rcit,5,26.4979,,0.75,0.0,0.75,0.75,4,8,3
nonlinnongauss2,1,8,1000,1.0,CITS_gpu_rcit,5,0.6137,,1.0,0.0,1.0,1.0,4,8,4
nonlinnongauss2,2,7,1000,1.0,CITS_gpu_rcit,5,7.3924,,1.0,0.0,1.0,1.0,4,8,4
nonlinnongauss2,2,8,1000,1.0,CITS_gpu_rcit,5,6.2388,,1.0,0.0,1.0,1.0,4,8,4
nonlinnongauss2,1,9,1000,1.0,CITS_gpu_rcit,5,0.5708,,1.0,0.0,1.0,1.0,4,8,4
nonlinnongauss2,3,3,1000,1.0,CITS_gpu_rcit,5,27.6116,,1.0,0.0,1.0,1.0,4,8,4
nonlinnongauss2,3,2,1000,1.0,CITS_gpu_rcit,5,31.6432,,1.0,0.0,1.0,1.0,4,8,4
nonlinnongauss2,1,10,1000,1.0,CITS_gpu_rcit,5,0.5927,,1.0,0.0,1.0,1.0,4,8,4
nonlinnongauss2,2,9,1000,1.0,CITS_gpu_rcit,5,6.7036,,1.0,0.0,1.0,1.0,4,8,4
nonlinnongauss2,2,10,1000,1.0,CITS_gpu_rcit,5,7.1288,,1.0,0.0,1.0,1.0,4,8,4
nonlinnongauss2,1,11,1000,1.0,CITS_gpu_rcit,5,0.6328,,1.0,0.0,1.0,1.0,4,8,4
nonlinnongauss2,3,4,1000,1.0,CITS_gpu_rcit,5,34.5653,,1.0,0.0,1.0,1.0,4,8,4
nonlinnongauss2,3,5,1000,1.0,CITS_gpu_rcit,5,31.2297,,1.0,0.0,1.0,1.0,4,8,4
nonlinnongauss2,1,12,1000,1.0,CITS_gpu_rcit,5,0.557,,1.0,0.0,1.0,1.0,4,8,4
nonlinnongauss2,2,11,1000,1.0,CITS_gpu_rcit,5,6.517,,1.0,0.0,1.0,1.0,4,8,4
nonlinnongauss2,3,6,1000,1.0,CITS_gpu_rcit,5,29.4837,,1.0,0.0,1.0,1.0,4,8,4
nonlinnongauss2,1,13,1000,1.0,CITS_gpu_rcit,5,0.6072,,1.0,0.0,1.0,1.0,4,8,4
nonlinnongauss2,2,12,1000,1.0,CITS_gpu_rcit,5,6.4716,,1.0,0.0,1.0,1.0,4,8,4
nonlinnongauss2,2,13,1000,1.0,CITS_gpu_rcit,5,6.4044,,1.0,0.0,1.0,1.0,4,8,4
nonlinnongauss2,3,7,1000,1.0,CITS_gpu_rcit,5,33.2404,,1.0,0.0,1.0,1.0,4,8,4
nonlinnongauss2,1,14,1000,1.0,CITS_gpu_rcit,5,0.5807,,1.0,0.0,1.0,1.0,4,8,4
nonlinnongauss2,3,8,1000,1.0,CITS_gpu_rcit,5,27.8535,,1.0,0.0,1.0,1.0,4,8,4
nonlinnongauss2,3,9,1000,1.0,CITS_gpu_rcit,5,24.6792,,0.75,0.0,0.75,0.75,4,8,3
nonlinnongauss2,1,15,1000,1.0,CITS_gpu_rcit,5,0.3467,,1.0,0.0,1.0,1.0,4,8,4
nonlinnongauss2,3,10,1000,1.0,CITS_gpu_rcit,5,22.4795,,0.75,0.0,0.75,0.75,4,8,3
nonlinnongauss2,1,16,1000,1.0,CITS_gpu_rcit,5,0.3131,,1.0,0.0,1.0,1.0,4,8,4
nonlinnongauss2,2,14,1000,1.0,CITS_gpu_rcit,5,7.0968,,1.0,0.125,0.875,0.875,4,8,5
nonlinnongauss2,2,15,1000,1.0,CITS_gpu_rcit,5,6.7738,,1.0,0.0,1.0,1.0,4,8,4
nonlinnongauss2,2,16,1000,1.0,CITS_gpu_rcit,5,4.8263,,0.75,0.0,0.75,0.75,4,8,3
nonlinnongauss2,1,17,1000,1.0,CITS_gpu_rcit,5,0.6125,,1.0,0.0,1.0,1.0,4,8,4
nonlinnongauss2,2,17,1000,1.0,CITS_gpu_rcit,5,6.6266,,1.0,0.0,1.0,1.0,4,8,4
nonlinnongauss2,3,11,1000,1.0,CITS_gpu_rcit,5,27.8706,,1.0,0.0,1.0,1.0,4,8,4
nonlinnongauss2,1,18,1000,1.0,CITS_gpu_rcit,5,0.6219,,1.0,0.0,1.0,1.0,4,8,4
nonlinnongauss2,3,13,1000,1.0,CITS_gpu_rcit,5,23.5276,,0.75,0.0,0.75,0.75,4,8,3
nonlinnongauss2,1,19,1000,1.0,CITS_gpu_rcit,5,0.3566,,1.0,0.0,1.0,1.0,4,8,4
nonlinnongauss2,3,12,1000,1.0,CITS_gpu_rcit,5,30.3269,,1.0,0.0,1.0,1.0,4,8,4
nonlinnongauss2,2,18,1000,1.0,CITS_gpu_rcit,5,7.4635,,1.0,0.0,1.0,1.0,4,8,4
ctrnn,1,0,1000,1.0,CITS_gpu_rcit,5,0.6722,,0.666667,0.0,0.666667,0.666667,3,9,6
nonlinnongauss2,2,19,1000,1.0,CITS_gpu_rcit,5,7.2656,,1.0,0.0,1.0,1.0,4,8,4
nonlinnongauss2,3,16,1000,1.0,CITS_gpu_rcit,5,21.8388,,0.75,0.0,0.75,0.75,4,8,3
ctrnn,1,1,1000,1.0,CITS_gpu_rcit,5,0.5037,,0.333333,0.0,0.333333,0.333333,3,9,5
nonlinnongauss2,3,14,1000,1.0,CITS_gpu_rcit,5,29.4634,,1.0,0.0,1.0,1.0,4,8,4
nonlinnongauss2,3,15,1000,1.0,CITS_gpu_rcit,5,32.4879,,1.0,0.0,1.0,1.0,4,8,4
ctrnn,1,2,1000,1.0,CITS_gpu_rcit,5,0.3453,,0.333333,0.0,0.333333,0.333333,3,9,5
ctrnn,2,0,1000,1.0,CITS_gpu_rcit,5,11.1293,,0.333333,0.0,0.333333,0.333333,3,9,5
ctrnn,2,1,1000,1.0,CITS_gpu_rcit,5,7.7116,,0.0,0.0,0.0,0.0,3,9,4
ctrnn,1,3,1000,1.0,CITS_gpu_rcit,5,0.8233,,0.666667,0.111111,0.555556,0.555556,3,9,7
nonlinnongauss2,3,17,1000,1.0,CITS_gpu_rcit,5,31.8555,,1.0,0.0,1.0,1.0,4,8,4
ctrnn,2,2,1000,1.0,CITS_gpu_rcit,5,7.3779,,0.0,0.0,0.0,0.0,3,9,4
ctrnn,1,4,1000,1.0,CITS_gpu_rcit,5,0.6394,,0.333333,0.0,0.333333,0.333333,3,9,5
nonlinnongauss2,3,18,1000,1.0,CITS_gpu_rcit,5,28.662,,1.0,0.0,1.0,1.0,4,8,4
nonlinnongauss2,3,19,1000,1.0,CITS_gpu_rcit,5,24.3039,,0.75,0.0,0.75,0.75,4,8,3
ctrnn,1,5,1000,1.0,CITS_gpu_rcit,5,0.4198,,0.333333,0.0,0.333333,0.333333,3,9,5
ctrnn,2,3,1000,1.0,CITS_gpu_rcit,5,10.9418,,0.333333,0.0,0.333333,0.333333,3,9,5
ctrnn,2,4,1000,1.0,CITS_gpu_rcit,5,7.6632,,0.0,0.0,0.0,0.0,3,9,4
ctrnn,1,6,1000,1.0,CITS_gpu_rcit,5,0.7031,,0.333333,0.0,0.333333,0.333333,3,9,5
ctrnn,2,5,1000,1.0,CITS_gpu_rcit,5,9.3308,,0.333333,0.0,0.333333,0.333333,3,9,5
ctrnn,3,0,1000,1.0,CITS_gpu_rcit,5,32.7676,,0.0,0.0,0.0,0.0,3,9,4
ctrnn,1,7,1000,1.0,CITS_gpu_rcit,5,0.7439,,0.666667,0.0,0.666667,0.666667,3,9,6
ctrnn,2,6,1000,1.0,CITS_gpu_rcit,5,10.7312,,0.333333,0.0,0.333333,0.333333,3,9,5
ctrnn,3,1,1000,1.0,CITS_gpu_rcit,5,34.3611,,0.333333,0.0,0.333333,0.333333,3,9,5
ctrnn,1,8,1000,1.0,CITS_gpu_rcit,5,0.72,,0.666667,0.0,0.666667,0.666667,3,9,6
ctrnn,2,7,1000,1.0,CITS_gpu_rcit,5,9.0481,,0.0,0.0,0.0,0.0,3,9,4
ctrnn,2,8,1000,1.0,CITS_gpu_rcit,5,8.5686,,0.0,0.0,0.0,0.0,3,9,4
ctrnn,1,9,1000,1.0,CITS_gpu_rcit,5,0.7052,,0.333333,0.0,0.333333,0.333333,3,9,5
ctrnn,3,4,1000,1.0,CITS_gpu_rcit,5,35.6673,,0.0,0.0,0.0,0.0,3,9,4
ctrnn,3,2,1000,1.0,CITS_gpu_rcit,5,45.6206,,0.333333,0.0,0.333333,0.333333,3,9,5
ctrnn,1,10,1000,1.0,CITS_gpu_rcit,5,0.3958,,0.333333,0.0,0.333333,0.333333,3,9,5
ctrnn,2,9,1000,1.0,CITS_gpu_rcit,5,8.49,,0.0,0.0,0.0,0.0,3,9,4
ctrnn,3,3,1000,1.0,CITS_gpu_rcit,5,44.9217,,0.0,0.0,0.0,0.0,3,9,4
ctrnn,1,11,1000,1.0,CITS_gpu_rcit,5,0.4609,,0.666667,0.0,0.666667,0.666667,3,9,6
ctrnn,3,5,1000,1.0,CITS_gpu_rcit,5,40.5253,,0.0,0.0,0.0,0.0,3,9,4
ctrnn,2,10,1000,1.0,CITS_gpu_rcit,5,10.3315,,0.333333,0.0,0.333333,0.333333,3,9,5
ctrnn,1,12,1000,1.0,CITS_gpu_rcit,5,0.7261,,0.666667,0.0,0.666667,0.666667,3,9,6
ctrnn,3,6,1000,1.0,CITS_gpu_rcit,5,38.8019,,0.0,0.0,0.0,0.0,3,9,4
ctrnn,3,7,1000,1.0,CITS_gpu_rcit,5,34.0705,,0.0,0.0,0.0,0.0,3,9,4
ctrnn,1,13,1000,1.0,CITS_gpu_rcit,5,0.3945,,0.666667,0.0,0.666667,0.666667,3,9,6
ctrnn,2,11,1000,1.0,CITS_gpu_rcit,5,12.2705,,0.666667,0.0,0.666667,0.666667,3,9,6
ctrnn,2,12,1000,1.0,CITS_gpu_rcit,5,8.6933,,0.333333,0.0,0.333333,0.333333,3,9,5
ctrnn,1,14,1000,1.0,CITS_gpu_rcit,5,0.7569,,0.333333,0.0,0.333333,0.333333,3,9,5
ctrnn,2,13,1000,1.0,CITS_gpu_rcit,5,9.4518,,0.333333,0.0,0.333333,0.333333,3,9,5
ctrnn,3,8,1000,1.0,CITS_gpu_rcit,5,38.6789,,0.0,0.0,0.0,0.0,3,9,4
ctrnn,3,9,1000,1.0,CITS_gpu_rcit,5,28.6926,,0.0,0.0,0.0,0.0,3,9,4
ctrnn,1,15,1000,1.0,CITS_gpu_rcit,5,0.4665,,0.666667,0.0,0.666667,0.666667,3,9,6
ctrnn,2,14,1000,1.0,CITS_gpu_rcit,5,10.4075,,0.333333,0.0,0.333333,0.333333,3,9,5
ctrnn,1,16,1000,1.0,CITS_gpu_rcit,5,0.6451,,0.666667,0.0,0.666667,0.666667,3,9,6
ctrnn,3,10,1000,1.0,CITS_gpu_rcit,5,29.8595,,0.0,0.0,0.0,0.0,3,9,4
ctrnn,2,15,1000,1.0,CITS_gpu_rcit,5,9.3818,,0.333333,0.0,0.333333,0.333333,3,9,5
ctrnn,1,17,1000,1.0,CITS_gpu_rcit,5,0.6463,,0.666667,0.0,0.666667,0.666667,3,9,6
ctrnn,2,16,1000,1.0,CITS_gpu_rcit,5,10.07,,0.0,0.0,0.0,0.0,3,9,4
ctrnn,3,12,1000,1.0,CITS_gpu_rcit,5,31.4772,,0.0,0.0,0.0,0.0,3,9,4
ctrnn,2,17,1000,1.0,CITS_gpu_rcit,5,7.725,,0.0,0.0,0.0,0.0,3,9,4
ctrnn,1,18,1000,1.0,CITS_gpu_rcit,5,0.4436,,0.666667,0.0,0.666667,0.666667,3,9,6
ctrnn,3,13,1000,1.0,CITS_gpu_rcit,5,31.4026,,0.0,0.0,0.0,0.0,3,9,4
ctrnn,1,19,1000,1.0,CITS_gpu_rcit,5,0.368,,0.333333,0.0,0.333333,0.333333,3,9,5
ctrnn,3,11,1000,1.0,CITS_gpu_rcit,5,41.4668,,0.0,0.0,0.0,0.0,3,9,4
ctrnn,2,18,1000,1.0,CITS_gpu_rcit,5,7.1463,,0.0,0.0,0.0,0.0,3,9,4
ctrnn,3,14,1000,1.0,CITS_gpu_rcit,5,29.1024,,0.0,0.0,0.0,0.0,3,9,4
ctrnn,2,19,1000,1.0,CITS_gpu_rcit,5,8.5973,,0.0,0.0,0.0,0.0,3,9,4
ctrnn,3,15,1000,1.0,CITS_gpu_rcit,5,39.6537,,0.0,0.0,0.0,0.0,3,9,4
ctrnn,3,17,1000,1.0,CITS_gpu_rcit,5,31.8342,,0.0,0.0,0.0,0.0,3,9,4
ctrnn,3,18,1000,1.0,CITS_gpu_rcit,5,31.832,,0.0,0.0,0.0,0.0,3,9,4
ctrnn,3,16,1000,1.0,CITS_gpu_rcit,5,47.6321,,0.333333,0.0,0.333333,0.333333,3,9,5
ctrnn,3,19,1000,1.0,CITS_gpu_rcit,5,35.262,,0.0,0.0,0.0,0.0,3,9,4
