src,tgt,pair,kind,tot,syn,frac,ci_lo,ci_hi
AL,AL,AL->AL,within,6614,86,0.013002721499848805,0.009832086800680534,0.017825525164393723
LM,LM,LM->LM,within,0,0,,,
RL,RL,RL->RL,within,53076,435,0.008195794709473209,0.006716296311328469,0.009919275178794268
V1,V1,V1->V1,within,372928,2135,0.005724965677020765,0.004935011767801813,0.006869670711494456
LM,RL,LM->RL,between,353,0,0.0,0.0,0.0
RL,LM,RL->LM,between,353,0,0.0,0.0,0.0
AL,LM,AL->LM,between,115,0,0.0,0.0,0.0
LM,AL,LM->AL,between,115,0,0.0,0.0,0.0
LM,V1,LM->V1,between,865,1,0.0011560693641618498,0.0,0.004901960784313725
V1,LM,V1->LM,between,865,1,0.0011560693641618498,0.0,0.004901960784313725
AL,V1,AL->V1,between,45659,5,0.00010950743555487417,0.0,0.00019771483666658653
V1,AL,V1->AL,between,45659,8,0.0001752118968877987,0.0,0.0003522064886084971
RL,V1,RL->V1,between,134651,105,0.0007797936888697448,0.0005603711181903932,0.0010273483152391455
V1,RL,V1->RL,between,134651,154,0.0011436974103422922,0.0008811976756439809,0.0013596882750470797
AL,RL,AL->RL,between,18465,61,0.0033035472515569996,0.0020782084595739885,0.005258548141755565
RL,AL,RL->AL,between,18465,58,0.0031410777145951803,0.002288850484905211,0.004559274052022152
