field_key,w_tot,w_syn,b_tot,b_syn
"(4, 7, 2)",382,1,80,0
"(4, 7, 4)",98832,452,95208,77
"(4, 7, 6)",38672,265,19168,15
"(4, 7, 8)",2734,23,2378,0
"(5, 6, 2)",4972,24,5740,4
"(5, 6, 4)",11744,69,15646,15
"(5, 6, 6)",7134,84,5298,8
"(5, 7, 2)",10730,62,12222,8
"(5, 7, 4)",21530,143,21112,26
"(5, 7, 6)",3380,42,3100,11
"(6, 2, 2)",14784,75,11948,10
"(6, 2, 4)",46446,202,50586,56
"(6, 2, 6)",2418,24,2138,4
"(6, 4, 2)",7168,34,4174,10
"(6, 4, 4)",13776,68,15294,10
"(6, 4, 6)",3736,50,5194,8
"(6, 6, 2)",1926,9,1980,0
"(6, 6, 4)",21506,132,26236,32
"(6, 6, 6)",3804,35,4568,9
"(6, 6, 8)",36,2,36,0
"(6, 7, 2)",1232,2,490,0
"(6, 7, 4)",27010,214,23840,34
"(6, 7, 6)",22496,129,11914,15
"(7, 3, 2)",2938,25,1484,0
"(7, 3, 4)",8810,73,5710,1
"(7, 3, 6)",878,11,312,0
"(7, 3, 8)",2076,45,276,0
"(7, 4, 2)",2994,15,2556,2
"(7, 4, 4)",4926,33,9116,3
"(7, 4, 6)",9552,65,11618,8
"(7, 4, 8)",4600,44,1252,3
"(7, 5, 2)",1958,25,1702,0
"(7, 5, 4)",1038,8,1512,2
"(7, 5, 6)",2144,10,1888,4
"(7, 5, 8)",158,5,52,0
"(8, 5, 2)",3510,16,4862,5
"(8, 5, 4)",5282,29,7374,2
"(8, 5, 6)",13536,86,11270,11
"(8, 5, 8)",1770,25,882,0
