field_key,n_matched,n_stim,fc_plus,fcplus_scplus,fc_minus,fcminus_scplus
"(4, 7, 2)",22,3,172,1,290,0
"(4, 7, 4)",441,3,44150,139,149890,390
"(4, 7, 6)",241,3,14170,75,43670,205
"(4, 7, 8)",72,3,1714,13,3398,10
"(5, 6, 2)",104,3,3133,11,7579,17
"(5, 6, 4)",166,3,7485,35,19905,49
"(5, 6, 6)",112,3,3781,38,8651,54
"(5, 7, 2)",152,3,6535,27,16417,43
"(5, 7, 4)",207,3,12000,54,30642,115
"(5, 7, 6)",81,3,1962,22,4518,31
"(6, 2, 2)",164,3,6742,32,19990,53
"(6, 2, 4)",312,3,23409,67,73623,191
"(6, 2, 6)",68,3,1420,13,3136,15
"(6, 4, 2)",107,3,3829,20,7513,24
"(6, 4, 4)",171,3,8674,18,20396,60
"(6, 4, 6)",95,3,2743,27,6187,31
"(6, 6, 2)",63,3,1415,3,2491,6
"(6, 6, 4)",219,3,13887,66,33855,98
"(6, 6, 6)",92,3,2493,19,5879,25
"(6, 6, 8)",9,3,48,2,24,0
"(6, 7, 2)",42,3,695,1,1027,1
"(6, 7, 4)",226,3,14639,79,36211,169
"(6, 7, 6)",186,3,9523,62,24887,82
"(7, 3, 2)",67,3,1540,12,2882,13
"(7, 3, 4)",121,3,4325,29,10195,45
"(7, 3, 6)",35,3,404,3,786,8
"(7, 3, 8)",49,3,722,16,1630,29
"(7, 4, 2)",75,3,1924,5,3626,12
"(7, 4, 4)",119,3,4765,16,9277,20
"(7, 4, 6)",146,3,6767,28,14403,45
"(7, 4, 8)",77,3,2043,16,3809,31
"(7, 5, 2)",61,3,1287,10,2373,15
"(7, 5, 4)",51,3,913,6,1637,4
"(7, 5, 6)",64,3,1368,8,2664,6
"(7, 5, 8)",15,3,102,4,108,1
"(8, 5, 2)",92,3,2704,7,5668,14
"(8, 5, 4)",113,3,4091,15,8565,16
"(8, 5, 6)",158,3,6776,40,18030,57
"(8, 5, 8)",52,3,947,8,1705,17
