cell,seed,cs
CITScupc_lingauss1,0,1.0
CITScupc_lingauss1,1,1.0
CITScupc_lingauss1,2,1.0
CITScupc_lingauss1,3,1.0
CITScupc_lingauss1,4,1.0
CITScupc_lingauss1,5,1.0
CITScupc_lingauss1,6,1.0
CITScupc_lingauss1,7,1.0
CITScupc_lingauss1,8,1.0
CITScupc_lingauss1,9,1.0
CITScupc_lingauss1,10,1.0
CITScupc_lingauss1,11,0.888889
CITScupc_lingauss1,12,1.0
CITScupc_lingauss1,13,1.0
CITScupc_lingauss1,14,1.0
CITScupc_lingauss1,15,1.0
CITScupc_lingauss1,16,1.0
CITScupc_lingauss1,17,0.888889
CITScupc_lingauss1,18,1.0
CITScupc_lingauss1,19,1.0
CITScupc_lingauss1,20,1.0
CITScupc_lingauss1,21,1.0
CITScupc_lingauss1,22,1.0
CITScupc_lingauss1,23,1.0
CITScupc_lingauss1,24,1.0
CITScupc_lingauss1,25,1.0
CITScupc_lingauss1,26,1.0
CITScupc_lingauss1,27,1.0
CITScupc_lingauss1,28,1.0
CITScupc_lingauss1,29,1.0
CITScupc_lingauss1,30,1.0
CITScupc_lingauss1,31,1.0
CITScupc_lingauss1,32,1.0
CITScupc_lingauss1,33,1.0
CITScupc_lingauss1,34,1.0
CITScupc_lingauss1,35,1.0
CITScupc_lingauss1,36,0.888889
CITScupc_lingauss1,37,1.0
CITScupc_lingauss1,38,1.0
CITScupc_lingauss1,39,1.0
CITScupc_lingauss1,40,1.0
CITScupc_lingauss1,41,1.0
CITScupc_lingauss1,42,1.0
CITScupc_lingauss1,43,1.0
CITScupc_lingauss1,44,1.0
CITScupc_lingauss1,45,1.0
CITScupc_lingauss1,46,1.0
CITScupc_lingauss1,47,1.0
CITScupc_lingauss1,48,1.0
CITScupc_lingauss1,49,1.0
CITScupc_lingauss2,0,1.0
CITScupc_lingauss2,1,1.0
CITScupc_lingauss2,2,1.0
CITScupc_lingauss2,3,1.0
CITScupc_lingauss2,4,1.0
CITScupc_lingauss2,5,1.0
CITScupc_lingauss2,6,1.0
CITScupc_lingauss2,7,1.0
CITScupc_lingauss2,8,1.0
CITScupc_lingauss2,9,1.0
CITScupc_lingauss2,10,1.0
CITScupc_lingauss2,11,1.0
CITScupc_lingauss2,12,1.0
CITScupc_lingauss2,13,1.0
CITScupc_lingauss2,14,1.0
CITScupc_lingauss2,15,1.0
CITScupc_lingauss2,16,1.0
CITScupc_lingauss2,17,1.0
CITScupc_lingauss2,18,1.0
CITScupc_lingauss2,19,1.0
CITScupc_lingauss2,20,1.0
CITScupc_lingauss2,21,1.0
CITScupc_lingauss2,22,1.0
CITScupc_lingauss2,23,1.0
CITScupc_lingauss2,24,1.0
CITScupc_lingauss2,25,1.0
CITScupc_lingauss2,26,1.0
CITScupc_lingauss2,27,1.0
CITScupc_lingauss2,28,1.0
CITScupc_lingauss2,29,1.0
CITScupc_lingauss2,30,1.0
CITScupc_lingauss2,31,1.0
CITScupc_lingauss2,32,1.0
CITScupc_lingauss2,33,1.0
CITScupc_lingauss2,34,1.0
CITScupc_lingauss2,35,1.0
CITScupc_lingauss2,36,1.0
CITScupc_lingauss2,37,1.0
CITScupc_lingauss2,38,1.0
CITScupc_lingauss2,39,1.0
CITScupc_lingauss2,40,1.0
CITScupc_lingauss2,41,1.0
CITScupc_lingauss2,42,1.0
CITScupc_lingauss2,43,1.0
CITScupc_lingauss2,44,1.0
CITScupc_lingauss2,45,1.0
CITScupc_lingauss2,46,1.0
CITScupc_lingauss2,47,1.0
CITScupc_lingauss2,48,1.0
CITScupc_lingauss2,49,1.0
