paradigm,method,mean,sd,n
lingauss1,CITS,0.99555556,0.021773220384830528,50
lingauss1,TPC,0.9777777999999999,0.06285387325153478,50
lingauss1,GC1,0.9111111600000001,0.23517783300263312,50
lingauss1,GC2,0.9333334000000001,0.12957657919763121,50
lingauss1,KernelGC,0.77333356,0.04949118928947252,50
lingauss1,PCMCIplus,0.8888889599999998,0.1692393644196243,50
lingauss1,LPCMCI,0.9044445199999999,0.13148715797038735,50
lingauss2,CITS,1.0,0.0,50
lingauss2,TPC,0.96,0.09165151389911681,50
lingauss2,GC1,0.8975,0.29653203874117884,50
lingauss2,GC2,0.9025,0.15469728504404984,50
lingauss2,KernelGC,0.875,0.0,50
lingauss2,PCMCIplus,0.9,0.15811388300841897,50
lingauss2,LPCMCI,0.925,0.1479019945774904,50
nonlinnongauss1,CITS,1.0,0.0,50
nonlinnongauss1,TPC,0.92000004,0.1678329415715473,50
nonlinnongauss1,GC1,0.83333338,0.27777778000004893,50
nonlinnongauss1,GC2,0.8666667199999999,0.2444444290909523,50
nonlinnongauss1,KernelGC,0.8888889999999999,1.1102230246251565e-16,50
nonlinnongauss1,PCMCIplus,0.79777786,0.22187753973099755,50
nonlinnongauss1,LPCMCI,0.7866667399999998,0.23605822504185786,50
nonlinnongauss2,CITS,1.0,0.0,50
nonlinnongauss2,TPC,0.455,0.09604686356149274,50
nonlinnongauss2,GC1,0.425,0.18708286933869708,50
nonlinnongauss2,GC2,0.445,0.10356157588603988,50
nonlinnongauss2,KernelGC,0.515,0.059371710435189594,50
nonlinnongauss2,PCMCIplus,0.4325,0.10371234256345771,50
nonlinnongauss2,LPCMCI,0.4575,0.1491852874783569,50
convergence,CITS,0.9755555555555556,0.046027367060462204,50
convergence,TPC,0.931111111111111,0.10861643919866612,50
convergence,GC1,0.9533333333333333,0.07058835633008263,50
convergence,GC2,0.9622222222222221,0.0688888888888889,50
convergence,KernelGC,0.12444444444444443,0.1451095797094623,50
convergence,PCMCIplus,0.8511111111111112,0.10330346043706186,50
convergence,LPCMCI,0.8577777777777779,0.10193195503270855,50
diamond,CITS,0.97,0.06873863542433761,50
diamond,TPC,0.6675,0.24699443313564784,50
diamond,GC1,0.9375,0.09437293044088436,50
diamond,GC2,0.9425,0.08735702604828073,50
diamond,KernelGC,0.12,0.11169153951844338,50
diamond,PCMCIplus,0.8575,0.12502499750049986,50
diamond,LPCMCI,0.855,0.12338962679253065,50
depression,CITS,0.9488888888888889,0.09739825333693836,50
depression,TPC,0.8488888888888888,0.1598764955431551,50
depression,GC1,0.9288888888888888,0.09097550884648319,50
depression,GC2,0.9266666666666665,0.09056748387695479,50
depression,KernelGC,0.12444444444444443,0.18140739228407604,50
depression,PCMCIplus,0.831111111111111,0.1356101893545987,50
depression,LPCMCI,0.8355555555555554,0.11164317055182638,50
