block,cell,seed,cs,self_frac
control,chain,0,0.9230769230769231,0.0
control,chain,1,1.0,0.0
control,chain,2,0.9230769230769231,0.0
control,chain,3,0.9230769230769231,0.0
control,chain,4,0.9230769230769231,0.0
control,chain,5,0.9230769230769231,0.0
control,chain,6,0.7692307692307692,0.0
control,chain,7,1.0,0.0
control,chain,8,1.0,0.0
control,chain,9,0.9230769230769231,0.0
control,chain,10,1.0,0.0
control,chain,11,0.8461538461538461,0.0
control,chain,12,1.0,0.0
control,chain,13,1.0,0.0
control,chain,14,1.0,0.0
control,chain,15,0.9230769230769231,0.0
control,chain,16,1.0,0.0
control,chain,17,1.0,0.0
control,chain,18,0.9230769230769231,0.0
control,chain,19,1.0,0.0
control,chain,20,0.9230769230769231,0.0
control,chain,21,0.8461538461538461,0.0
control,chain,22,0.9230769230769231,0.0
control,chain,23,0.9230769230769231,0.0
control,chain,24,1.0,0.0
control,chain,25,0.7692307692307692,0.0
control,chain,26,1.0,0.0
control,chain,27,0.9230769230769231,0.0
control,chain,28,1.0,0.0
control,chain,29,1.0,0.0
control,chain,30,0.7692307692307692,0.0
control,chain,31,0.9230769230769231,0.0
control,chain,32,0.8461538461538461,0.0
control,chain,33,0.9230769230769231,0.0
control,chain,34,1.0,0.0
control,chain,35,1.0,0.0
control,chain,36,1.0,0.0
control,chain,37,1.0,0.0
control,chain,38,1.0,0.0
control,chain,39,1.0,0.0
control,chain,40,1.0,0.0
control,chain,41,1.0,0.0
control,chain,42,0.8461538461538461,0.0
control,chain,43,0.9230769230769231,0.0
control,chain,44,1.0,0.0
control,chain,45,1.0,0.0
control,chain,46,0.9230769230769231,0.0
control,chain,47,0.9230769230769231,0.0
control,chain,48,0.9230769230769231,0.0
control,chain,49,0.9230769230769231,0.0
control,convergence,0,1.0,0.0
control,convergence,1,1.0,0.0
control,convergence,2,1.0,0.0
control,convergence,3,0.9230769230769231,0.0
control,convergence,4,0.9230769230769231,0.0
control,convergence,5,0.8461538461538461,0.0
control,convergence,6,1.0,0.0
control,convergence,7,1.0,0.0
control,convergence,8,1.0,0.0
control,convergence,9,0.9230769230769231,0.0
control,convergence,10,1.0,0.0
control,convergence,11,1.0,0.0
control,convergence,12,0.9230769230769231,0.0
control,convergence,13,1.0,0.0
control,convergence,14,1.0,0.0
control,convergence,15,1.0,0.0
control,convergence,16,0.8461538461538461,0.0
control,convergence,17,1.0,0.0
control,convergence,18,1.0,0.0
control,convergence,19,0.9230769230769231,0.0
control,convergence,20,1.0,0.0
control,convergence,21,1.0,0.0
control,convergence,22,0.9230769230769231,0.0
control,convergence,23,1.0,0.0
control,convergence,24,1.0,0.0
control,convergence,25,1.0,0.0
control,convergence,26,1.0,0.0
control,convergence,27,1.0,0.0
control,convergence,28,1.0,0.0
control,convergence,29,1.0,0.0
control,convergence,30,0.9230769230769231,0.0
control,convergence,31,1.0,0.0
control,convergence,32,1.0,0.0
control,convergence,33,0.9230769230769231,0.0
control,convergence,34,1.0,0.0
control,convergence,35,1.0,0.0
control,convergence,36,1.0,0.0
control,convergence,37,1.0,0.0
control,convergence,38,1.0,0.0
control,convergence,39,1.0,0.0
control,convergence,40,0.9230769230769231,0.0
control,convergence,41,1.0,0.0
control,convergence,42,0.9230769230769231,0.0
control,convergence,43,1.0,0.0
control,convergence,44,1.0,0.0
control,convergence,45,1.0,0.0
control,convergence,46,0.9230769230769231,0.0
control,convergence,47,0.9230769230769231,0.0
control,convergence,48,1.0,0.0
control,convergence,49,1.0,0.0
control,diamond,0,1.0,0.0
control,diamond,1,1.0,0.0
control,diamond,2,0.75,0.0
control,diamond,3,1.0,0.0
control,diamond,4,0.9166666666666666,0.0
control,diamond,5,1.0,0.0
control,diamond,6,1.0,0.0
control,diamond,7,0.9166666666666666,0.0
control,diamond,8,0.8333333333333334,0.0
control,diamond,9,0.75,0.0
control,diamond,10,0.9166666666666666,0.0
control,diamond,11,0.9166666666666666,0.0
control,diamond,12,0.9166666666666666,0.0
control,diamond,13,0.9166666666666666,0.0
control,diamond,14,0.8333333333333334,0.0
control,diamond,15,0.9166666666666666,0.0
control,diamond,16,0.9166666666666666,0.0
control,diamond,17,0.9166666666666666,0.0
control,diamond,18,1.0,0.0
control,diamond,19,0.9166666666666666,0.0
control,diamond,20,0.9166666666666666,0.0
control,diamond,21,0.8333333333333334,0.0
control,diamond,22,1.0,0.0
control,diamond,23,1.0,0.0
control,diamond,24,0.9166666666666666,0.0
control,diamond,25,0.8333333333333334,0.0
control,diamond,26,1.0,0.0
control,diamond,27,0.9166666666666666,0.0
control,diamond,28,1.0,0.0
control,diamond,29,1.0,0.0
control,diamond,30,0.8333333333333334,0.0
control,diamond,31,0.75,0.0
control,diamond,32,1.0,0.0
control,diamond,33,0.9166666666666666,0.0
control,diamond,34,0.9166666666666666,0.0
control,diamond,35,0.9166666666666666,0.0
control,diamond,36,0.9166666666666666,0.0
control,diamond,37,0.9166666666666666,0.0
control,diamond,38,1.0,0.0
control,diamond,39,0.8333333333333334,0.0
control,diamond,40,0.8333333333333334,0.0
control,diamond,41,0.8333333333333334,0.0
control,diamond,42,0.9166666666666666,0.0
control,diamond,43,1.0,0.0
control,diamond,44,0.8333333333333334,0.0
control,diamond,45,0.9166666666666666,0.0
control,diamond,46,0.9166666666666666,0.0
control,diamond,47,0.9166666666666666,0.0
control,diamond,48,0.8333333333333334,0.0
control,diamond,49,0.75,0.0
recurrent,chain,0,0.42857142857142855,0.0
recurrent,chain,1,0.31746031746031744,0.0
recurrent,chain,2,0.42857142857142855,0.0
recurrent,chain,3,0.42857142857142855,0.0
recurrent,chain,4,0.20634920634920634,0.0
recurrent,chain,5,0.31746031746031744,0.0
recurrent,chain,6,0.20634920634920634,0.0
recurrent,chain,7,0.31746031746031744,0.0
recurrent,chain,8,0.31746031746031744,0.0
recurrent,chain,9,0.09523809523809523,0.0
recurrent,chain,10,0.20634920634920634,0.0
recurrent,chain,11,0.42857142857142855,0.0
recurrent,chain,12,0.31746031746031744,0.0
recurrent,chain,13,0.42857142857142855,0.0
recurrent,chain,14,0.20634920634920634,0.0
recurrent,chain,15,0.31746031746031744,0.0
recurrent,chain,16,0.31746031746031744,0.0
recurrent,chain,17,0.42857142857142855,0.0
recurrent,chain,18,0.31746031746031744,0.0
recurrent,chain,19,0.42857142857142855,0.0
recurrent,chain,20,0.31746031746031744,0.0
recurrent,chain,21,0.42857142857142855,0.0
recurrent,chain,22,0.31746031746031744,0.0
recurrent,chain,23,0.09523809523809523,0.0
recurrent,chain,24,0.42857142857142855,0.0
recurrent,chain,25,0.31746031746031744,0.0
recurrent,chain,26,0.42857142857142855,0.0
recurrent,chain,27,0.42857142857142855,0.0
recurrent,chain,28,0.42857142857142855,0.0
recurrent,chain,29,0.31746031746031744,0.0
recurrent,chain,30,0.20634920634920634,0.0
recurrent,chain,31,0.31746031746031744,0.0
recurrent,chain,32,0.20634920634920634,0.0
recurrent,chain,33,0.31746031746031744,0.0
recurrent,chain,34,0.31746031746031744,0.0
recurrent,chain,35,0.42857142857142855,0.0
recurrent,chain,36,0.42857142857142855,0.0
recurrent,chain,37,0.31746031746031744,0.0
recurrent,chain,38,0.42857142857142855,0.0
recurrent,chain,39,0.31746031746031744,0.0
recurrent,chain,40,0.09523809523809523,0.0
recurrent,chain,41,0.20634920634920634,0.0
recurrent,chain,42,0.20634920634920634,0.0
recurrent,chain,43,0.42857142857142855,0.0
recurrent,chain,44,0.20634920634920634,0.0
recurrent,chain,45,0.31746031746031744,0.0
recurrent,chain,46,0.42857142857142855,0.0
recurrent,chain,47,0.42857142857142855,0.0
recurrent,chain,48,0.31746031746031744,0.0
recurrent,chain,49,0.42857142857142855,0.0
recurrent,convergence,0,0.42857142857142855,0.0
recurrent,convergence,1,0.42857142857142855,0.0
recurrent,convergence,2,0.42857142857142855,0.0
recurrent,convergence,3,0.42857142857142855,0.0
recurrent,convergence,4,0.31746031746031744,0.0
recurrent,convergence,5,0.42857142857142855,0.0
recurrent,convergence,6,0.42857142857142855,0.0
recurrent,convergence,7,0.31746031746031744,0.0
recurrent,convergence,8,0.42857142857142855,0.0
recurrent,convergence,9,0.42857142857142855,0.0
recurrent,convergence,10,0.31746031746031744,0.0
recurrent,convergence,11,0.42857142857142855,0.0
recurrent,convergence,12,0.42857142857142855,0.0
recurrent,convergence,13,0.31746031746031744,0.0
recurrent,convergence,14,0.42857142857142855,0.0
recurrent,convergence,15,0.42857142857142855,0.0
recurrent,convergence,16,0.42857142857142855,0.0
recurrent,convergence,17,0.42857142857142855,0.0
recurrent,convergence,18,0.42857142857142855,0.0
recurrent,convergence,19,0.42857142857142855,0.0
recurrent,convergence,20,0.42857142857142855,0.0
recurrent,convergence,21,0.42857142857142855,0.0
recurrent,convergence,22,0.31746031746031744,0.0
recurrent,convergence,23,0.42857142857142855,0.0
recurrent,convergence,24,0.42857142857142855,0.0
recurrent,convergence,25,0.42857142857142855,0.0
recurrent,convergence,26,0.31746031746031744,0.0
recurrent,convergence,27,0.42857142857142855,0.0
recurrent,convergence,28,0.31746031746031744,0.0
recurrent,convergence,29,0.20634920634920634,0.0
recurrent,convergence,30,0.31746031746031744,0.0
recurrent,convergence,31,0.42857142857142855,0.0
recurrent,convergence,32,0.31746031746031744,0.0
recurrent,convergence,33,0.42857142857142855,0.0
recurrent,convergence,34,0.42857142857142855,0.0
recurrent,convergence,35,0.42857142857142855,0.0
recurrent,convergence,36,0.42857142857142855,0.0
recurrent,convergence,37,0.31746031746031744,0.0
recurrent,convergence,38,0.42857142857142855,0.0
recurrent,convergence,39,0.42857142857142855,0.0
recurrent,convergence,40,0.20634920634920634,0.0
recurrent,convergence,41,0.31746031746031744,0.0
recurrent,convergence,42,0.20634920634920634,0.0
recurrent,convergence,43,0.42857142857142855,0.0
recurrent,convergence,44,0.42857142857142855,0.0
recurrent,convergence,45,0.20634920634920634,0.0
recurrent,convergence,46,0.31746031746031744,0.0
recurrent,convergence,47,0.42857142857142855,0.0
recurrent,convergence,48,0.42857142857142855,0.0
recurrent,convergence,49,0.42857142857142855,0.0
recurrent,depression,0,0.42857142857142855,0.0
recurrent,depression,1,0.20634920634920634,0.0
recurrent,depression,2,0.42857142857142855,0.0
recurrent,depression,3,0.31746031746031744,0.0
recurrent,depression,4,0.42857142857142855,0.0
recurrent,depression,5,0.42857142857142855,0.0
recurrent,depression,6,0.31746031746031744,0.0
recurrent,depression,7,0.31746031746031744,0.0
recurrent,depression,8,0.31746031746031744,0.0
recurrent,depression,9,0.31746031746031744,0.0
recurrent,depression,10,0.42857142857142855,0.0
recurrent,depression,11,0.42857142857142855,0.0
recurrent,depression,12,0.31746031746031744,0.0
recurrent,depression,13,0.42857142857142855,0.0
recurrent,depression,14,0.42857142857142855,0.0
recurrent,depression,15,0.31746031746031744,0.0
recurrent,depression,16,0.42857142857142855,0.0
recurrent,depression,17,0.31746031746031744,0.0
recurrent,depression,18,0.31746031746031744,0.0
recurrent,depression,19,0.42857142857142855,0.0
recurrent,depression,20,0.42857142857142855,0.0
recurrent,depression,21,0.42857142857142855,0.0
recurrent,depression,22,0.42857142857142855,0.0
recurrent,depression,23,0.42857142857142855,0.0
recurrent,depression,24,0.31746031746031744,0.0
recurrent,depression,25,0.42857142857142855,0.0
recurrent,depression,26,0.42857142857142855,0.0
recurrent,depression,27,0.42857142857142855,0.0
recurrent,depression,28,0.42857142857142855,0.0
recurrent,depression,29,0.42857142857142855,0.0
recurrent,depression,30,0.42857142857142855,0.0
recurrent,depression,31,0.42857142857142855,0.0
recurrent,depression,32,0.42857142857142855,0.0
recurrent,depression,33,0.20634920634920634,0.0
recurrent,depression,34,0.31746031746031744,0.0
recurrent,depression,35,0.42857142857142855,0.0
recurrent,depression,36,0.42857142857142855,0.0
recurrent,depression,37,0.42857142857142855,0.0
recurrent,depression,38,0.31746031746031744,0.0
recurrent,depression,39,0.42857142857142855,0.0
recurrent,depression,40,0.42857142857142855,0.0
recurrent,depression,41,0.42857142857142855,0.0
recurrent,depression,42,0.42857142857142855,0.0
recurrent,depression,43,0.20634920634920634,0.0
recurrent,depression,44,0.42857142857142855,0.0
recurrent,depression,45,0.31746031746031744,0.0
recurrent,depression,46,0.42857142857142855,0.0
recurrent,depression,47,0.42857142857142855,0.0
recurrent,depression,48,0.42857142857142855,0.0
recurrent,depression,49,0.42857142857142855,0.0
recurrent,diamond,0,0.25,0.0
recurrent,diamond,1,0.25,0.0
recurrent,diamond,2,0.5,0.0
recurrent,diamond,3,0.25,0.0
recurrent,diamond,4,0.375,0.0
recurrent,diamond,5,0.5,0.0
recurrent,diamond,6,0.5,0.0
recurrent,diamond,7,0.375,0.0
recurrent,diamond,8,0.25,0.0
recurrent,diamond,9,0.375,0.0
recurrent,diamond,10,0.25,0.0
recurrent,diamond,11,0.5,0.0
recurrent,diamond,12,0.5,0.0
recurrent,diamond,13,0.5,0.0
recurrent,diamond,14,0.375,0.0
recurrent,diamond,15,0.5,0.0
recurrent,diamond,16,0.5,0.0
recurrent,diamond,17,0.375,0.0
recurrent,diamond,18,0.25,0.0
recurrent,diamond,19,0.375,0.0
recurrent,diamond,20,0.5,0.0
recurrent,diamond,21,0.25,0.0
recurrent,diamond,22,0.375,0.0
recurrent,diamond,23,0.25,0.0
recurrent,diamond,24,0.25,0.0
recurrent,diamond,25,0.375,0.0
recurrent,diamond,26,0.0,0.0
recurrent,diamond,27,0.125,0.0
recurrent,diamond,28,0.375,0.0
recurrent,diamond,29,0.5,0.0
recurrent,diamond,30,0.5,0.0
recurrent,diamond,31,0.5,0.0
recurrent,diamond,32,0.375,0.0
recurrent,diamond,33,0.375,0.0
recurrent,diamond,34,0.5,0.0
recurrent,diamond,35,0.375,0.0
recurrent,diamond,36,0.5,0.0
recurrent,diamond,37,0.375,0.0
recurrent,diamond,38,0.5,0.0
recurrent,diamond,39,0.375,0.0
recurrent,diamond,40,0.375,0.0
recurrent,diamond,41,0.5,0.0
recurrent,diamond,42,0.375,0.0
recurrent,diamond,43,0.5,0.0
recurrent,diamond,44,0.25,0.0
recurrent,diamond,45,0.375,0.0
recurrent,diamond,46,0.375,0.0
recurrent,diamond,47,0.25,0.0
recurrent,diamond,48,0.5,0.0
recurrent,diamond,49,0.375,0.0
