block,method,CITS,method_CS,diff,ci_lo,ci_hi,p
Autoregressive,TPC,0.998,0.906,0.092,0.079,0.106,0.0002
Autoregressive,PCMCI+,0.998,0.835,0.164,0.154,0.175,0.0002
Autoregressive,LPCMCI,0.998,0.786,0.212,0.191,0.235,0.0002
Autoregressive,Kernel GC,0.998,0.965,0.033,0.025,0.042,0.0002
"Spiking, control",TPC,0.997,0.851,0.146,0.132,0.162,0.0002
"Spiking, control",PCMCI+,0.997,0.911,0.086,0.074,0.099,0.0002
"Spiking, control",LPCMCI,0.997,0.906,0.091,0.079,0.103,0.0002
"Spiking, control",Kernel GC,0.997,0.943,0.054,0.044,0.064,0.0002
"Spiking, recurrent",TPC,0.987,0.904,0.082,0.064,0.101,0.0002
"Spiking, recurrent",PCMCI+,0.987,0.93,0.057,0.045,0.07,0.0002
"Spiking, recurrent",LPCMCI,0.987,0.914,0.073,0.058,0.087,0.0002
"Spiking, recurrent",Kernel GC,0.987,0.369,0.617,0.604,0.631,0.0002
