scoring,block,method,CITS,method_CS,diff,ci_lo,ci_hi,p
native,Autoregressive,TPC,0.998,0.794,0.204,0.187,0.22,0.0002
native,Autoregressive,Kernel GC,0.998,0.965,0.033,0.025,0.042,0.0002
native,Autoregressive,PCMCI+,0.998,0.86,0.138,0.115,0.163,0.0002
native,Autoregressive,LPCMCI,0.998,0.828,0.171,0.149,0.195,0.0002
native,"Spiking, control",TPC,0.997,0.793,0.204,0.19,0.22,0.0002
native,"Spiking, control",Kernel GC,0.997,0.943,0.054,0.044,0.064,0.0002
native,"Spiking, recurrent",TPC,0.987,0.85,0.136,0.117,0.157,0.0002
native,"Spiking, recurrent",Kernel GC,0.987,0.369,0.617,0.603,0.631,0.0002
lagged,Autoregressive,TPC,0.998,0.906,0.092,0.078,0.106,0.0002
lagged,Autoregressive,PCMCI+,0.998,0.938,0.06,0.048,0.073,0.0002
lagged,Autoregressive,LPCMCI,0.998,0.839,0.159,0.136,0.183,0.0002
lagged,"Spiking, control",TPC,0.997,0.851,0.146,0.132,0.162,0.0002
lagged,"Spiking, control",PCMCI+,0.997,0.911,0.086,0.075,0.098,0.0002
lagged,"Spiking, control",LPCMCI,0.997,0.906,0.091,0.079,0.103,0.0002
lagged,"Spiking, recurrent",TPC,0.987,0.904,0.082,0.064,0.101,0.0002
lagged,"Spiking, recurrent",PCMCI+,0.987,0.93,0.057,0.045,0.07,0.0002
lagged,"Spiking, recurrent",LPCMCI,0.987,0.914,0.073,0.058,0.088,0.0002
