method,block,cell,seed,cs,self_frac
LPCMCI,control,chain,0,0.9230769230769231,0.0
LPCMCI,control,chain,1,0.9230769230769231,0.25
LPCMCI,control,chain,2,0.9230769230769231,0.0
LPCMCI,control,chain,3,0.8461538461538461,0.0
LPCMCI,control,chain,4,0.9230769230769231,0.0
LPCMCI,control,chain,5,0.8461538461538461,0.0
LPCMCI,control,chain,6,1.0,0.0
LPCMCI,control,chain,7,0.9230769230769231,0.0
LPCMCI,control,chain,8,0.9230769230769231,0.0
LPCMCI,control,chain,9,0.9230769230769231,0.0
LPCMCI,control,chain,10,0.9230769230769231,0.0
LPCMCI,control,chain,11,0.8461538461538461,0.25
LPCMCI,control,chain,12,0.9230769230769231,0.25
LPCMCI,control,chain,13,0.7692307692307692,0.0
LPCMCI,control,chain,14,0.8461538461538461,0.25
LPCMCI,control,chain,15,0.9230769230769231,0.25
LPCMCI,control,chain,16,0.7692307692307692,0.25
LPCMCI,control,chain,17,1.0,0.0
LPCMCI,control,chain,18,0.8461538461538461,0.0
LPCMCI,control,chain,19,0.9230769230769231,0.25
LPCMCI,control,chain,20,0.7692307692307692,0.25
LPCMCI,control,chain,21,1.0,0.0
LPCMCI,control,chain,22,0.8461538461538461,0.25
LPCMCI,control,chain,23,0.8461538461538461,0.0
LPCMCI,control,chain,24,1.0,0.0
LPCMCI,control,chain,25,0.9230769230769231,0.25
LPCMCI,control,chain,26,0.9230769230769231,0.0
LPCMCI,control,chain,27,1.0,0.0
LPCMCI,control,chain,28,1.0,0.0
LPCMCI,control,chain,29,0.7692307692307692,0.25
LPCMCI,control,chain,30,0.7692307692307692,0.25
LPCMCI,control,chain,31,0.9230769230769231,0.0
LPCMCI,control,chain,32,0.9230769230769231,0.0
LPCMCI,control,chain,33,0.8461538461538461,0.25
LPCMCI,control,chain,34,1.0,0.0
LPCMCI,control,chain,35,0.9230769230769231,0.0
LPCMCI,control,chain,36,0.8461538461538461,0.25
LPCMCI,control,chain,37,0.9230769230769231,0.25
LPCMCI,control,chain,38,0.7692307692307692,0.5
LPCMCI,control,chain,39,1.0,0.0
LPCMCI,control,chain,40,0.8461538461538461,0.0
LPCMCI,control,chain,41,1.0,0.0
LPCMCI,control,chain,42,0.9230769230769231,0.0
LPCMCI,control,chain,43,0.8461538461538461,0.25
LPCMCI,control,chain,44,0.9230769230769231,0.25
LPCMCI,control,chain,45,0.8461538461538461,0.25
LPCMCI,control,chain,46,0.8461538461538461,0.25
LPCMCI,control,chain,47,0.7692307692307692,0.25
LPCMCI,control,chain,48,0.8461538461538461,0.0
LPCMCI,control,chain,49,0.9230769230769231,0.25
LPCMCI,control,convergence,0,1.0,0.0
LPCMCI,control,convergence,1,0.8461538461538461,0.0
LPCMCI,control,convergence,2,1.0,0.0
LPCMCI,control,convergence,3,1.0,0.0
LPCMCI,control,convergence,4,0.8461538461538461,0.0
LPCMCI,control,convergence,5,0.8461538461538461,0.0
LPCMCI,control,convergence,6,0.9230769230769231,0.25
LPCMCI,control,convergence,7,0.9230769230769231,0.25
LPCMCI,control,convergence,8,0.9230769230769231,0.0
LPCMCI,control,convergence,9,0.9230769230769231,0.0
LPCMCI,control,convergence,10,0.9230769230769231,0.0
LPCMCI,control,convergence,11,1.0,0.0
LPCMCI,control,convergence,12,0.9230769230769231,0.0
LPCMCI,control,convergence,13,1.0,0.0
LPCMCI,control,convergence,14,0.9230769230769231,0.0
LPCMCI,control,convergence,15,0.8461538461538461,0.0
LPCMCI,control,convergence,16,0.9230769230769231,0.0
LPCMCI,control,convergence,17,0.9230769230769231,0.25
LPCMCI,control,convergence,18,0.9230769230769231,0.25
LPCMCI,control,convergence,19,0.8461538461538461,0.25
LPCMCI,control,convergence,20,1.0,0.0
LPCMCI,control,convergence,21,1.0,0.0
LPCMCI,control,convergence,22,0.8461538461538461,0.0
LPCMCI,control,convergence,23,1.0,0.0
LPCMCI,control,convergence,24,0.9230769230769231,0.0
LPCMCI,control,convergence,25,0.8461538461538461,0.0
LPCMCI,control,convergence,26,0.9230769230769231,0.25
LPCMCI,control,convergence,27,1.0,0.0
LPCMCI,control,convergence,28,1.0,0.0
LPCMCI,control,convergence,29,0.8461538461538461,0.25
LPCMCI,control,convergence,30,0.9230769230769231,0.0
LPCMCI,control,convergence,31,0.8461538461538461,0.0
LPCMCI,control,convergence,32,0.9230769230769231,0.25
LPCMCI,control,convergence,33,0.6923076923076923,0.25
LPCMCI,control,convergence,34,1.0,0.0
LPCMCI,control,convergence,35,1.0,0.0
LPCMCI,control,convergence,36,0.8461538461538461,0.25
LPCMCI,control,convergence,37,1.0,0.0
LPCMCI,control,convergence,38,1.0,0.0
LPCMCI,control,convergence,39,0.7692307692307692,0.0
LPCMCI,control,convergence,40,1.0,0.0
LPCMCI,control,convergence,41,0.9230769230769231,0.0
LPCMCI,control,convergence,42,0.9230769230769231,0.25
LPCMCI,control,convergence,43,0.8461538461538461,0.0
LPCMCI,control,convergence,44,0.7692307692307692,0.5
LPCMCI,control,convergence,45,1.0,0.0
LPCMCI,control,convergence,46,1.0,0.0
LPCMCI,control,convergence,47,1.0,0.0
LPCMCI,control,convergence,48,0.9230769230769231,0.25
LPCMCI,control,convergence,49,0.9230769230769231,0.25
LPCMCI,control,diamond,0,1.0,0.0
LPCMCI,control,diamond,1,1.0,0.0
LPCMCI,control,diamond,2,0.9166666666666666,0.25
LPCMCI,control,diamond,3,0.8333333333333334,0.25
LPCMCI,control,diamond,4,0.9166666666666666,0.25
LPCMCI,control,diamond,5,0.9166666666666666,0.25
LPCMCI,control,diamond,6,0.9166666666666666,0.25
LPCMCI,control,diamond,7,0.9166666666666666,0.0
LPCMCI,control,diamond,8,0.8333333333333334,0.25
LPCMCI,control,diamond,9,0.8333333333333334,0.5
LPCMCI,control,diamond,10,0.9166666666666666,0.0
LPCMCI,control,diamond,11,0.9166666666666666,0.25
LPCMCI,control,diamond,12,0.8333333333333334,0.25
LPCMCI,control,diamond,13,0.9166666666666666,0.25
LPCMCI,control,diamond,14,0.8333333333333334,0.5
LPCMCI,control,diamond,15,0.75,0.5
LPCMCI,control,diamond,16,0.8333333333333334,0.25
LPCMCI,control,diamond,17,0.9166666666666666,0.25
LPCMCI,control,diamond,18,1.0,0.0
LPCMCI,control,diamond,19,0.9166666666666666,0.25
LPCMCI,control,diamond,20,0.9166666666666666,0.25
LPCMCI,control,diamond,21,1.0,0.0
LPCMCI,control,diamond,22,0.8333333333333334,0.25
LPCMCI,control,diamond,23,1.0,0.0
LPCMCI,control,diamond,24,0.5833333333333333,0.5
LPCMCI,control,diamond,25,0.8333333333333334,0.25
LPCMCI,control,diamond,26,0.9166666666666666,0.25
LPCMCI,control,diamond,27,0.8333333333333334,0.25
LPCMCI,control,diamond,28,0.8333333333333334,0.5
LPCMCI,control,diamond,29,0.9166666666666666,0.25
LPCMCI,control,diamond,30,0.9166666666666666,0.25
LPCMCI,control,diamond,31,0.9166666666666666,0.25
LPCMCI,control,diamond,32,0.9166666666666666,0.25
LPCMCI,control,diamond,33,0.9166666666666666,0.25
LPCMCI,control,diamond,34,1.0,0.0
LPCMCI,control,diamond,35,0.9166666666666666,0.25
LPCMCI,control,diamond,36,0.9166666666666666,0.25
LPCMCI,control,diamond,37,1.0,0.0
LPCMCI,control,diamond,38,0.9166666666666666,0.25
LPCMCI,control,diamond,39,0.75,0.25
LPCMCI,control,diamond,40,1.0,0.0
LPCMCI,control,diamond,41,0.9166666666666666,0.25
LPCMCI,control,diamond,42,0.9166666666666666,0.25
LPCMCI,control,diamond,43,0.9166666666666666,0.25
LPCMCI,control,diamond,44,0.9166666666666666,0.25
LPCMCI,control,diamond,45,0.9166666666666666,0.25
LPCMCI,control,diamond,46,1.0,0.0
LPCMCI,control,diamond,47,0.9166666666666666,0.25
LPCMCI,control,diamond,48,0.9166666666666666,0.25
LPCMCI,control,diamond,49,0.9166666666666666,0.25
LPCMCI,recurrent,chain,0,0.8888888888888888,1.0
LPCMCI,recurrent,chain,1,0.7777777777777778,1.0
LPCMCI,recurrent,chain,2,0.8888888888888888,1.0
LPCMCI,recurrent,chain,3,1.0,1.0
LPCMCI,recurrent,chain,4,0.8888888888888888,1.0
LPCMCI,recurrent,chain,5,0.8888888888888888,1.0
LPCMCI,recurrent,chain,6,0.8888888888888888,1.0
LPCMCI,recurrent,chain,7,0.8888888888888888,1.0
LPCMCI,recurrent,chain,8,0.8888888888888888,1.0
LPCMCI,recurrent,chain,9,0.8888888888888888,1.0
LPCMCI,recurrent,chain,10,0.7777777777777778,1.0
LPCMCI,recurrent,chain,11,1.0,1.0
LPCMCI,recurrent,chain,12,0.8888888888888888,1.0
LPCMCI,recurrent,chain,13,1.0,1.0
LPCMCI,recurrent,chain,14,0.8888888888888888,1.0
LPCMCI,recurrent,chain,15,0.8888888888888888,1.0
LPCMCI,recurrent,chain,16,1.0,1.0
LPCMCI,recurrent,chain,17,1.0,1.0
LPCMCI,recurrent,chain,18,1.0,1.0
LPCMCI,recurrent,chain,19,1.0,1.0
LPCMCI,recurrent,chain,20,1.0,1.0
LPCMCI,recurrent,chain,21,1.0,1.0
LPCMCI,recurrent,chain,22,0.8888888888888888,1.0
LPCMCI,recurrent,chain,23,1.0,1.0
LPCMCI,recurrent,chain,24,0.7777777777777778,1.0
LPCMCI,recurrent,chain,25,0.8888888888888888,1.0
LPCMCI,recurrent,chain,26,0.8888888888888888,1.0
LPCMCI,recurrent,chain,27,1.0,1.0
LPCMCI,recurrent,chain,28,0.8888888888888888,1.0
LPCMCI,recurrent,chain,29,1.0,1.0
LPCMCI,recurrent,chain,30,1.0,1.0
LPCMCI,recurrent,chain,31,0.8888888888888888,1.0
LPCMCI,recurrent,chain,32,0.8888888888888888,1.0
LPCMCI,recurrent,chain,33,0.7777777777777778,1.0
LPCMCI,recurrent,chain,34,0.8888888888888888,1.0
LPCMCI,recurrent,chain,35,1.0,1.0
LPCMCI,recurrent,chain,36,0.8888888888888888,1.0
LPCMCI,recurrent,chain,37,0.8888888888888888,1.0
LPCMCI,recurrent,chain,38,0.8888888888888888,1.0
LPCMCI,recurrent,chain,39,0.8888888888888888,1.0
LPCMCI,recurrent,chain,40,0.5555555555555556,1.0
LPCMCI,recurrent,chain,41,0.8888888888888888,1.0
LPCMCI,recurrent,chain,42,1.0,1.0
LPCMCI,recurrent,chain,43,0.8888888888888888,1.0
LPCMCI,recurrent,chain,44,0.7777777777777778,1.0
LPCMCI,recurrent,chain,45,1.0,1.0
LPCMCI,recurrent,chain,46,1.0,1.0
LPCMCI,recurrent,chain,47,0.7777777777777778,1.0
LPCMCI,recurrent,chain,48,1.0,1.0
LPCMCI,recurrent,chain,49,0.7777777777777778,1.0
LPCMCI,recurrent,convergence,0,1.0,1.0
LPCMCI,recurrent,convergence,1,1.0,1.0
LPCMCI,recurrent,convergence,2,0.7777777777777778,1.0
LPCMCI,recurrent,convergence,3,1.0,1.0
LPCMCI,recurrent,convergence,4,0.8888888888888888,1.0
LPCMCI,recurrent,convergence,5,1.0,1.0
LPCMCI,recurrent,convergence,6,0.6666666666666667,1.0
LPCMCI,recurrent,convergence,7,0.7777777777777778,1.0
LPCMCI,recurrent,convergence,8,0.8888888888888888,1.0
LPCMCI,recurrent,convergence,9,0.8888888888888888,1.0
LPCMCI,recurrent,convergence,10,0.6666666666666667,1.0
LPCMCI,recurrent,convergence,11,1.0,1.0
LPCMCI,recurrent,convergence,12,1.0,1.0
LPCMCI,recurrent,convergence,13,1.0,1.0
LPCMCI,recurrent,convergence,14,0.8888888888888888,1.0
LPCMCI,recurrent,convergence,15,0.8888888888888888,1.0
LPCMCI,recurrent,convergence,16,0.8888888888888888,1.0
LPCMCI,recurrent,convergence,17,1.0,1.0
LPCMCI,recurrent,convergence,18,0.7777777777777778,1.0
LPCMCI,recurrent,convergence,19,1.0,1.0
LPCMCI,recurrent,convergence,20,0.8888888888888888,1.0
LPCMCI,recurrent,convergence,21,1.0,1.0
LPCMCI,recurrent,convergence,22,0.8888888888888888,1.0
LPCMCI,recurrent,convergence,23,0.7777777777777778,1.0
LPCMCI,recurrent,convergence,24,0.8888888888888888,1.0
LPCMCI,recurrent,convergence,25,1.0,1.0
LPCMCI,recurrent,convergence,26,0.7777777777777778,1.0
LPCMCI,recurrent,convergence,27,0.8888888888888888,1.0
LPCMCI,recurrent,convergence,28,0.7777777777777778,1.0
LPCMCI,recurrent,convergence,29,0.6666666666666667,1.0
LPCMCI,recurrent,convergence,30,1.0,1.0
LPCMCI,recurrent,convergence,31,0.8888888888888888,1.0
LPCMCI,recurrent,convergence,32,0.8888888888888888,1.0
LPCMCI,recurrent,convergence,33,1.0,1.0
LPCMCI,recurrent,convergence,34,1.0,1.0
LPCMCI,recurrent,convergence,35,1.0,1.0
LPCMCI,recurrent,convergence,36,1.0,1.0
LPCMCI,recurrent,convergence,37,1.0,1.0
LPCMCI,recurrent,convergence,38,0.8888888888888888,1.0
LPCMCI,recurrent,convergence,39,1.0,1.0
LPCMCI,recurrent,convergence,40,1.0,1.0
LPCMCI,recurrent,convergence,41,0.8888888888888888,1.0
LPCMCI,recurrent,convergence,42,0.5555555555555556,1.0
LPCMCI,recurrent,convergence,43,0.8888888888888888,1.0
LPCMCI,recurrent,convergence,44,1.0,1.0
LPCMCI,recurrent,convergence,45,0.8888888888888888,1.0
LPCMCI,recurrent,convergence,46,0.8888888888888888,1.0
LPCMCI,recurrent,convergence,47,0.5555555555555556,1.0
LPCMCI,recurrent,convergence,48,1.0,1.0
LPCMCI,recurrent,convergence,49,0.8888888888888888,1.0
LPCMCI,recurrent,depression,0,1.0,1.0
LPCMCI,recurrent,depression,1,0.8888888888888888,1.0
LPCMCI,recurrent,depression,2,1.0,1.0
LPCMCI,recurrent,depression,3,0.8888888888888888,1.0
LPCMCI,recurrent,depression,4,1.0,1.0
LPCMCI,recurrent,depression,5,1.0,1.0
LPCMCI,recurrent,depression,6,0.7777777777777778,1.0
LPCMCI,recurrent,depression,7,0.7777777777777778,1.0
LPCMCI,recurrent,depression,8,1.0,1.0
LPCMCI,recurrent,depression,9,0.8888888888888888,1.0
LPCMCI,recurrent,depression,10,1.0,1.0
LPCMCI,recurrent,depression,11,0.8888888888888888,1.0
LPCMCI,recurrent,depression,12,0.8888888888888888,1.0
LPCMCI,recurrent,depression,13,1.0,1.0
LPCMCI,recurrent,depression,14,0.6666666666666667,1.0
LPCMCI,recurrent,depression,15,0.8888888888888888,1.0
LPCMCI,recurrent,depression,16,1.0,1.0
LPCMCI,recurrent,depression,17,0.8888888888888888,1.0
LPCMCI,recurrent,depression,18,1.0,1.0
LPCMCI,recurrent,depression,19,0.8888888888888888,1.0
LPCMCI,recurrent,depression,20,1.0,1.0
LPCMCI,recurrent,depression,21,0.8888888888888888,1.0
LPCMCI,recurrent,depression,22,1.0,1.0
LPCMCI,recurrent,depression,23,0.8888888888888888,1.0
LPCMCI,recurrent,depression,24,1.0,1.0
LPCMCI,recurrent,depression,25,1.0,1.0
LPCMCI,recurrent,depression,26,0.8888888888888888,1.0
LPCMCI,recurrent,depression,27,1.0,1.0
LPCMCI,recurrent,depression,28,1.0,1.0
LPCMCI,recurrent,depression,29,0.7777777777777778,1.0
LPCMCI,recurrent,depression,30,0.7777777777777778,1.0
LPCMCI,recurrent,depression,31,0.7777777777777778,1.0
LPCMCI,recurrent,depression,32,1.0,1.0
LPCMCI,recurrent,depression,33,1.0,1.0
LPCMCI,recurrent,depression,34,1.0,1.0
LPCMCI,recurrent,depression,35,1.0,1.0
LPCMCI,recurrent,depression,36,1.0,1.0
LPCMCI,recurrent,depression,37,0.8888888888888888,1.0
LPCMCI,recurrent,depression,38,1.0,1.0
LPCMCI,recurrent,depression,39,0.7777777777777778,1.0
LPCMCI,recurrent,depression,40,1.0,1.0
LPCMCI,recurrent,depression,41,0.6666666666666667,1.0
LPCMCI,recurrent,depression,42,0.7777777777777778,1.0
LPCMCI,recurrent,depression,43,0.8888888888888888,1.0
LPCMCI,recurrent,depression,44,0.5555555555555556,1.0
LPCMCI,recurrent,depression,45,1.0,1.0
LPCMCI,recurrent,depression,46,1.0,1.0
LPCMCI,recurrent,depression,47,0.8888888888888888,1.0
LPCMCI,recurrent,depression,48,1.0,1.0
LPCMCI,recurrent,depression,49,1.0,1.0
LPCMCI,recurrent,diamond,0,0.875,1.0
LPCMCI,recurrent,diamond,1,1.0,1.0
LPCMCI,recurrent,diamond,2,1.0,1.0
LPCMCI,recurrent,diamond,3,0.875,1.0
LPCMCI,recurrent,diamond,4,0.875,1.0
LPCMCI,recurrent,diamond,5,1.0,1.0
LPCMCI,recurrent,diamond,6,1.0,1.0
LPCMCI,recurrent,diamond,7,0.875,1.0
LPCMCI,recurrent,diamond,8,1.0,1.0
LPCMCI,recurrent,diamond,9,1.0,1.0
LPCMCI,recurrent,diamond,10,1.0,1.0
LPCMCI,recurrent,diamond,11,0.625,1.0
LPCMCI,recurrent,diamond,12,1.0,1.0
LPCMCI,recurrent,diamond,13,1.0,1.0
LPCMCI,recurrent,diamond,14,0.875,1.0
LPCMCI,recurrent,diamond,15,1.0,1.0
LPCMCI,recurrent,diamond,16,1.0,1.0
LPCMCI,recurrent,diamond,17,1.0,1.0
LPCMCI,recurrent,diamond,18,0.875,1.0
LPCMCI,recurrent,diamond,19,1.0,1.0
LPCMCI,recurrent,diamond,20,0.875,1.0
LPCMCI,recurrent,diamond,21,1.0,1.0
LPCMCI,recurrent,diamond,22,1.0,1.0
LPCMCI,recurrent,diamond,23,0.875,1.0
LPCMCI,recurrent,diamond,24,0.75,1.0
LPCMCI,recurrent,diamond,25,0.875,1.0
LPCMCI,recurrent,diamond,26,1.0,1.0
LPCMCI,recurrent,diamond,27,1.0,1.0
LPCMCI,recurrent,diamond,28,1.0,1.0
LPCMCI,recurrent,diamond,29,1.0,1.0
LPCMCI,recurrent,diamond,30,0.875,1.0
LPCMCI,recurrent,diamond,31,1.0,1.0
LPCMCI,recurrent,diamond,32,0.875,1.0
LPCMCI,recurrent,diamond,33,1.0,1.0
LPCMCI,recurrent,diamond,34,0.875,1.0
LPCMCI,recurrent,diamond,35,1.0,1.0
LPCMCI,recurrent,diamond,36,0.75,1.0
LPCMCI,recurrent,diamond,37,1.0,1.0
LPCMCI,recurrent,diamond,38,0.875,1.0
LPCMCI,recurrent,diamond,39,0.875,1.0
LPCMCI,recurrent,diamond,40,1.0,1.0
LPCMCI,recurrent,diamond,41,0.875,1.0
LPCMCI,recurrent,diamond,42,1.0,1.0
LPCMCI,recurrent,diamond,43,1.0,1.0
LPCMCI,recurrent,diamond,44,0.875,1.0
LPCMCI,recurrent,diamond,45,1.0,1.0
LPCMCI,recurrent,diamond,46,0.875,1.0
LPCMCI,recurrent,diamond,47,1.0,1.0
LPCMCI,recurrent,diamond,48,0.875,1.0
LPCMCI,recurrent,diamond,49,1.0,1.0
PCMCIplus,control,chain,0,0.8461538461538461,0.25
PCMCIplus,control,chain,1,0.9230769230769231,0.25
PCMCIplus,control,chain,2,0.9230769230769231,0.0
PCMCIplus,control,chain,3,0.8461538461538461,0.0
PCMCIplus,control,chain,4,0.8461538461538461,0.25
PCMCIplus,control,chain,5,0.9230769230769231,0.0
PCMCIplus,control,chain,6,1.0,0.0
PCMCIplus,control,chain,7,0.9230769230769231,0.0
PCMCIplus,control,chain,8,1.0,0.0
PCMCIplus,control,chain,9,0.9230769230769231,0.0
PCMCIplus,control,chain,10,0.8461538461538461,0.25
PCMCIplus,control,chain,11,0.9230769230769231,0.0
PCMCIplus,control,chain,12,0.9230769230769231,0.25
PCMCIplus,control,chain,13,0.7692307692307692,0.25
PCMCIplus,control,chain,14,0.7692307692307692,0.5
PCMCIplus,control,chain,15,0.9230769230769231,0.25
PCMCIplus,control,chain,16,1.0,0.0
PCMCIplus,control,chain,17,1.0,0.0
PCMCIplus,control,chain,18,0.9230769230769231,0.0
PCMCIplus,control,chain,19,0.9230769230769231,0.25
PCMCIplus,control,chain,20,0.7692307692307692,0.25
PCMCIplus,control,chain,21,0.9230769230769231,0.0
PCMCIplus,control,chain,22,0.9230769230769231,0.25
PCMCIplus,control,chain,23,0.9230769230769231,0.0
PCMCIplus,control,chain,24,1.0,0.0
PCMCIplus,control,chain,25,0.9230769230769231,0.25
PCMCIplus,control,chain,26,0.9230769230769231,0.0
PCMCIplus,control,chain,27,1.0,0.0
PCMCIplus,control,chain,28,1.0,0.0
PCMCIplus,control,chain,29,0.6923076923076923,0.5
PCMCIplus,control,chain,30,0.8461538461538461,0.25
PCMCIplus,control,chain,31,0.9230769230769231,0.0
PCMCIplus,control,chain,32,0.9230769230769231,0.0
PCMCIplus,control,chain,33,0.7692307692307692,0.5
PCMCIplus,control,chain,34,1.0,0.0
PCMCIplus,control,chain,35,0.9230769230769231,0.0
PCMCIplus,control,chain,36,0.9230769230769231,0.25
PCMCIplus,control,chain,37,1.0,0.0
PCMCIplus,control,chain,38,0.7692307692307692,0.5
PCMCIplus,control,chain,39,1.0,0.0
PCMCIplus,control,chain,40,0.8461538461538461,0.0
PCMCIplus,control,chain,41,1.0,0.0
PCMCIplus,control,chain,42,1.0,0.0
PCMCIplus,control,chain,43,1.0,0.0
PCMCIplus,control,chain,44,0.9230769230769231,0.25
PCMCIplus,control,chain,45,0.8461538461538461,0.5
PCMCIplus,control,chain,46,0.8461538461538461,0.25
PCMCIplus,control,chain,47,0.8461538461538461,0.0
PCMCIplus,control,chain,48,0.9230769230769231,0.0
PCMCIplus,control,chain,49,0.9230769230769231,0.25
PCMCIplus,control,convergence,0,1.0,0.0
PCMCIplus,control,convergence,1,0.8461538461538461,0.0
PCMCIplus,control,convergence,2,0.9230769230769231,0.25
PCMCIplus,control,convergence,3,1.0,0.0
PCMCIplus,control,convergence,4,0.9230769230769231,0.0
PCMCIplus,control,convergence,5,0.9230769230769231,0.0
PCMCIplus,control,convergence,6,0.9230769230769231,0.25
PCMCIplus,control,convergence,7,0.9230769230769231,0.25
PCMCIplus,control,convergence,8,0.9230769230769231,0.0
PCMCIplus,control,convergence,9,0.9230769230769231,0.0
PCMCIplus,control,convergence,10,0.9230769230769231,0.0
PCMCIplus,control,convergence,11,1.0,0.0
PCMCIplus,control,convergence,12,0.8461538461538461,0.25
PCMCIplus,control,convergence,13,1.0,0.0
PCMCIplus,control,convergence,14,1.0,0.0
PCMCIplus,control,convergence,15,0.8461538461538461,0.0
PCMCIplus,control,convergence,16,0.8461538461538461,0.0
PCMCIplus,control,convergence,17,0.7692307692307692,0.5
PCMCIplus,control,convergence,18,1.0,0.0
PCMCIplus,control,convergence,19,0.8461538461538461,0.25
PCMCIplus,control,convergence,20,1.0,0.0
PCMCIplus,control,convergence,21,1.0,0.0
PCMCIplus,control,convergence,22,0.8461538461538461,0.0
PCMCIplus,control,convergence,23,1.0,0.0
PCMCIplus,control,convergence,24,0.9230769230769231,0.0
PCMCIplus,control,convergence,25,1.0,0.0
PCMCIplus,control,convergence,26,0.9230769230769231,0.25
PCMCIplus,control,convergence,27,0.9230769230769231,0.25
PCMCIplus,control,convergence,28,1.0,0.0
PCMCIplus,control,convergence,29,0.7692307692307692,0.5
PCMCIplus,control,convergence,30,0.8461538461538461,0.25
PCMCIplus,control,convergence,31,0.9230769230769231,0.0
PCMCIplus,control,convergence,32,0.9230769230769231,0.25
PCMCIplus,control,convergence,33,0.7692307692307692,0.5
PCMCIplus,control,convergence,34,1.0,0.0
PCMCIplus,control,convergence,35,1.0,0.0
PCMCIplus,control,convergence,36,0.9230769230769231,0.25
PCMCIplus,control,convergence,37,1.0,0.0
PCMCIplus,control,convergence,38,1.0,0.0
PCMCIplus,control,convergence,39,0.8461538461538461,0.0
PCMCIplus,control,convergence,40,1.0,0.0
PCMCIplus,control,convergence,41,0.9230769230769231,0.0
PCMCIplus,control,convergence,42,0.9230769230769231,0.25
PCMCIplus,control,convergence,43,0.9230769230769231,0.0
PCMCIplus,control,convergence,44,0.8461538461538461,0.5
PCMCIplus,control,convergence,45,1.0,0.0
PCMCIplus,control,convergence,46,1.0,0.0
PCMCIplus,control,convergence,47,1.0,0.0
PCMCIplus,control,convergence,48,0.9230769230769231,0.25
PCMCIplus,control,convergence,49,0.9230769230769231,0.25
PCMCIplus,control,diamond,0,1.0,0.0
PCMCIplus,control,diamond,1,1.0,0.0
PCMCIplus,control,diamond,2,0.9166666666666666,0.25
PCMCIplus,control,diamond,3,0.8333333333333334,0.25
PCMCIplus,control,diamond,4,0.9166666666666666,0.25
PCMCIplus,control,diamond,5,0.9166666666666666,0.25
PCMCIplus,control,diamond,6,0.9166666666666666,0.25
PCMCIplus,control,diamond,7,0.9166666666666666,0.0
PCMCIplus,control,diamond,8,0.8333333333333334,0.25
PCMCIplus,control,diamond,9,0.75,0.5
PCMCIplus,control,diamond,10,0.8333333333333334,0.25
PCMCIplus,control,diamond,11,0.9166666666666666,0.25
PCMCIplus,control,diamond,12,0.8333333333333334,0.25
PCMCIplus,control,diamond,13,0.9166666666666666,0.25
PCMCIplus,control,diamond,14,0.8333333333333334,0.5
PCMCIplus,control,diamond,15,0.8333333333333334,0.5
PCMCIplus,control,diamond,16,1.0,0.0
PCMCIplus,control,diamond,17,0.9166666666666666,0.25
PCMCIplus,control,diamond,18,1.0,0.0
PCMCIplus,control,diamond,19,0.9166666666666666,0.25
PCMCIplus,control,diamond,20,0.8333333333333334,0.5
PCMCIplus,control,diamond,21,1.0,0.0
PCMCIplus,control,diamond,22,0.8333333333333334,0.25
PCMCIplus,control,diamond,23,0.9166666666666666,0.0
PCMCIplus,control,diamond,24,0.8333333333333334,0.5
PCMCIplus,control,diamond,25,0.6666666666666667,0.5
PCMCIplus,control,diamond,26,0.9166666666666666,0.25
PCMCIplus,control,diamond,27,0.9166666666666666,0.25
PCMCIplus,control,diamond,28,0.8333333333333334,0.5
PCMCIplus,control,diamond,29,0.9166666666666666,0.25
PCMCIplus,control,diamond,30,0.75,0.5
PCMCIplus,control,diamond,31,0.9166666666666666,0.25
PCMCIplus,control,diamond,32,0.9166666666666666,0.25
PCMCIplus,control,diamond,33,0.75,0.5
PCMCIplus,control,diamond,34,1.0,0.0
PCMCIplus,control,diamond,35,0.9166666666666666,0.25
PCMCIplus,control,diamond,36,0.9166666666666666,0.25
PCMCIplus,control,diamond,37,0.9166666666666666,0.25
PCMCIplus,control,diamond,38,0.9166666666666666,0.25
PCMCIplus,control,diamond,39,0.75,0.25
PCMCIplus,control,diamond,40,1.0,0.0
PCMCIplus,control,diamond,41,0.8333333333333334,0.25
PCMCIplus,control,diamond,42,0.9166666666666666,0.25
PCMCIplus,control,diamond,43,0.9166666666666666,0.25
PCMCIplus,control,diamond,44,0.9166666666666666,0.25
PCMCIplus,control,diamond,45,1.0,0.0
PCMCIplus,control,diamond,46,1.0,0.0
PCMCIplus,control,diamond,47,0.9166666666666666,0.25
PCMCIplus,control,diamond,48,0.9166666666666666,0.25
PCMCIplus,control,diamond,49,0.9166666666666666,0.25
PCMCIplus,recurrent,chain,0,1.0,1.0
PCMCIplus,recurrent,chain,1,0.7777777777777778,1.0
PCMCIplus,recurrent,chain,2,0.8888888888888888,1.0
PCMCIplus,recurrent,chain,3,1.0,1.0
PCMCIplus,recurrent,chain,4,0.8888888888888888,1.0
PCMCIplus,recurrent,chain,5,0.8888888888888888,1.0
PCMCIplus,recurrent,chain,6,0.8888888888888888,1.0
PCMCIplus,recurrent,chain,7,0.8888888888888888,1.0
PCMCIplus,recurrent,chain,8,0.8888888888888888,1.0
PCMCIplus,recurrent,chain,9,0.8888888888888888,1.0
PCMCIplus,recurrent,chain,10,0.7777777777777778,1.0
PCMCIplus,recurrent,chain,11,1.0,1.0
PCMCIplus,recurrent,chain,12,1.0,1.0
PCMCIplus,recurrent,chain,13,1.0,1.0
PCMCIplus,recurrent,chain,14,0.8888888888888888,1.0
PCMCIplus,recurrent,chain,15,0.8888888888888888,1.0
PCMCIplus,recurrent,chain,16,1.0,1.0
PCMCIplus,recurrent,chain,17,1.0,1.0
PCMCIplus,recurrent,chain,18,1.0,1.0
PCMCIplus,recurrent,chain,19,1.0,1.0
PCMCIplus,recurrent,chain,20,1.0,1.0
PCMCIplus,recurrent,chain,21,1.0,1.0
PCMCIplus,recurrent,chain,22,1.0,1.0
PCMCIplus,recurrent,chain,23,1.0,1.0
PCMCIplus,recurrent,chain,24,0.7777777777777778,1.0
PCMCIplus,recurrent,chain,25,0.8888888888888888,1.0
PCMCIplus,recurrent,chain,26,0.8888888888888888,1.0
PCMCIplus,recurrent,chain,27,1.0,1.0
PCMCIplus,recurrent,chain,28,1.0,1.0
PCMCIplus,recurrent,chain,29,1.0,1.0
PCMCIplus,recurrent,chain,30,1.0,1.0
PCMCIplus,recurrent,chain,31,0.8888888888888888,1.0
PCMCIplus,recurrent,chain,32,0.8888888888888888,1.0
PCMCIplus,recurrent,chain,33,0.8888888888888888,1.0
PCMCIplus,recurrent,chain,34,0.8888888888888888,1.0
PCMCIplus,recurrent,chain,35,1.0,1.0
PCMCIplus,recurrent,chain,36,0.8888888888888888,1.0
PCMCIplus,recurrent,chain,37,0.8888888888888888,1.0
PCMCIplus,recurrent,chain,38,0.8888888888888888,1.0
PCMCIplus,recurrent,chain,39,1.0,1.0
PCMCIplus,recurrent,chain,40,0.6666666666666667,1.0
PCMCIplus,recurrent,chain,41,0.7777777777777778,1.0
PCMCIplus,recurrent,chain,42,1.0,1.0
PCMCIplus,recurrent,chain,43,0.8888888888888888,1.0
PCMCIplus,recurrent,chain,44,0.7777777777777778,1.0
PCMCIplus,recurrent,chain,45,1.0,1.0
PCMCIplus,recurrent,chain,46,1.0,1.0
PCMCIplus,recurrent,chain,47,0.8888888888888888,1.0
PCMCIplus,recurrent,chain,48,1.0,1.0
PCMCIplus,recurrent,chain,49,0.7777777777777778,1.0
PCMCIplus,recurrent,convergence,0,0.8888888888888888,1.0
PCMCIplus,recurrent,convergence,1,1.0,1.0
PCMCIplus,recurrent,convergence,2,0.7777777777777778,1.0
PCMCIplus,recurrent,convergence,3,0.8888888888888888,1.0
PCMCIplus,recurrent,convergence,4,0.8888888888888888,1.0
PCMCIplus,recurrent,convergence,5,1.0,1.0
PCMCIplus,recurrent,convergence,6,0.8888888888888888,1.0
PCMCIplus,recurrent,convergence,7,0.8888888888888888,1.0
PCMCIplus,recurrent,convergence,8,0.8888888888888888,1.0
PCMCIplus,recurrent,convergence,9,0.8888888888888888,1.0
PCMCIplus,recurrent,convergence,10,0.7777777777777778,1.0
PCMCIplus,recurrent,convergence,11,1.0,1.0
PCMCIplus,recurrent,convergence,12,1.0,1.0
PCMCIplus,recurrent,convergence,13,1.0,1.0
PCMCIplus,recurrent,convergence,14,0.8888888888888888,1.0
PCMCIplus,recurrent,convergence,15,0.8888888888888888,1.0
PCMCIplus,recurrent,convergence,16,1.0,1.0
PCMCIplus,recurrent,convergence,17,1.0,1.0
PCMCIplus,recurrent,convergence,18,0.8888888888888888,1.0
PCMCIplus,recurrent,convergence,19,1.0,1.0
PCMCIplus,recurrent,convergence,20,1.0,1.0
PCMCIplus,recurrent,convergence,21,0.8888888888888888,1.0
PCMCIplus,recurrent,convergence,22,1.0,1.0
PCMCIplus,recurrent,convergence,23,0.8888888888888888,1.0
PCMCIplus,recurrent,convergence,24,0.8888888888888888,1.0
PCMCIplus,recurrent,convergence,25,1.0,1.0
PCMCIplus,recurrent,convergence,26,0.8888888888888888,1.0
PCMCIplus,recurrent,convergence,27,0.8888888888888888,1.0
PCMCIplus,recurrent,convergence,28,0.8888888888888888,1.0
PCMCIplus,recurrent,convergence,29,0.6666666666666667,1.0
PCMCIplus,recurrent,convergence,30,1.0,1.0
PCMCIplus,recurrent,convergence,31,0.8888888888888888,1.0
PCMCIplus,recurrent,convergence,32,0.8888888888888888,1.0
PCMCIplus,recurrent,convergence,33,1.0,1.0
PCMCIplus,recurrent,convergence,34,1.0,1.0
PCMCIplus,recurrent,convergence,35,1.0,1.0
PCMCIplus,recurrent,convergence,36,1.0,1.0
PCMCIplus,recurrent,convergence,37,1.0,1.0
PCMCIplus,recurrent,convergence,38,0.8888888888888888,1.0
PCMCIplus,recurrent,convergence,39,1.0,1.0
PCMCIplus,recurrent,convergence,40,1.0,1.0
PCMCIplus,recurrent,convergence,41,0.8888888888888888,1.0
PCMCIplus,recurrent,convergence,42,0.6666666666666667,1.0
PCMCIplus,recurrent,convergence,43,0.8888888888888888,1.0
PCMCIplus,recurrent,convergence,44,1.0,1.0
PCMCIplus,recurrent,convergence,45,0.8888888888888888,1.0
PCMCIplus,recurrent,convergence,46,0.8888888888888888,1.0
PCMCIplus,recurrent,convergence,47,0.6666666666666667,1.0
PCMCIplus,recurrent,convergence,48,1.0,1.0
PCMCIplus,recurrent,convergence,49,1.0,1.0
PCMCIplus,recurrent,depression,0,1.0,1.0
PCMCIplus,recurrent,depression,1,0.8888888888888888,1.0
PCMCIplus,recurrent,depression,2,1.0,1.0
PCMCIplus,recurrent,depression,3,0.8888888888888888,1.0
PCMCIplus,recurrent,depression,4,1.0,1.0
PCMCIplus,recurrent,depression,5,1.0,1.0
PCMCIplus,recurrent,depression,6,0.7777777777777778,1.0
PCMCIplus,recurrent,depression,7,0.8888888888888888,1.0
PCMCIplus,recurrent,depression,8,1.0,1.0
PCMCIplus,recurrent,depression,9,1.0,1.0
PCMCIplus,recurrent,depression,10,1.0,1.0
PCMCIplus,recurrent,depression,11,1.0,1.0
PCMCIplus,recurrent,depression,12,0.8888888888888888,1.0
PCMCIplus,recurrent,depression,13,1.0,1.0
PCMCIplus,recurrent,depression,14,0.6666666666666667,1.0
PCMCIplus,recurrent,depression,15,0.8888888888888888,1.0
PCMCIplus,recurrent,depression,16,1.0,1.0
PCMCIplus,recurrent,depression,17,1.0,1.0
PCMCIplus,recurrent,depression,18,0.8888888888888888,1.0
PCMCIplus,recurrent,depression,19,1.0,1.0
PCMCIplus,recurrent,depression,20,1.0,1.0
PCMCIplus,recurrent,depression,21,1.0,1.0
PCMCIplus,recurrent,depression,22,0.8888888888888888,1.0
PCMCIplus,recurrent,depression,23,1.0,1.0
PCMCIplus,recurrent,depression,24,1.0,1.0
PCMCIplus,recurrent,depression,25,1.0,1.0
PCMCIplus,recurrent,depression,26,0.8888888888888888,1.0
PCMCIplus,recurrent,depression,27,1.0,1.0
PCMCIplus,recurrent,depression,28,1.0,1.0
PCMCIplus,recurrent,depression,29,0.7777777777777778,1.0
PCMCIplus,recurrent,depression,30,0.7777777777777778,1.0
PCMCIplus,recurrent,depression,31,0.7777777777777778,1.0
PCMCIplus,recurrent,depression,32,1.0,1.0
PCMCIplus,recurrent,depression,33,1.0,1.0
PCMCIplus,recurrent,depression,34,1.0,1.0
PCMCIplus,recurrent,depression,35,0.8888888888888888,1.0
PCMCIplus,recurrent,depression,36,1.0,1.0
PCMCIplus,recurrent,depression,37,0.8888888888888888,1.0
PCMCIplus,recurrent,depression,38,1.0,1.0
PCMCIplus,recurrent,depression,39,0.8888888888888888,1.0
PCMCIplus,recurrent,depression,40,1.0,1.0
PCMCIplus,recurrent,depression,41,0.7777777777777778,1.0
PCMCIplus,recurrent,depression,42,0.8888888888888888,1.0
PCMCIplus,recurrent,depression,43,0.8888888888888888,1.0
PCMCIplus,recurrent,depression,44,0.6666666666666667,1.0
PCMCIplus,recurrent,depression,45,1.0,1.0
PCMCIplus,recurrent,depression,46,1.0,1.0
PCMCIplus,recurrent,depression,47,0.8888888888888888,1.0
PCMCIplus,recurrent,depression,48,1.0,1.0
PCMCIplus,recurrent,depression,49,1.0,1.0
PCMCIplus,recurrent,diamond,0,1.0,1.0
PCMCIplus,recurrent,diamond,1,1.0,1.0
PCMCIplus,recurrent,diamond,2,1.0,1.0
PCMCIplus,recurrent,diamond,3,1.0,1.0
PCMCIplus,recurrent,diamond,4,0.875,1.0
PCMCIplus,recurrent,diamond,5,1.0,1.0
PCMCIplus,recurrent,diamond,6,1.0,1.0
PCMCIplus,recurrent,diamond,7,0.875,1.0
PCMCIplus,recurrent,diamond,8,1.0,1.0
PCMCIplus,recurrent,diamond,9,0.875,1.0
PCMCIplus,recurrent,diamond,10,1.0,1.0
PCMCIplus,recurrent,diamond,11,0.875,1.0
PCMCIplus,recurrent,diamond,12,1.0,1.0
PCMCIplus,recurrent,diamond,13,1.0,1.0
PCMCIplus,recurrent,diamond,14,0.875,1.0
PCMCIplus,recurrent,diamond,15,1.0,1.0
PCMCIplus,recurrent,diamond,16,1.0,1.0
PCMCIplus,recurrent,diamond,17,1.0,1.0
PCMCIplus,recurrent,diamond,18,0.875,1.0
PCMCIplus,recurrent,diamond,19,0.875,1.0
PCMCIplus,recurrent,diamond,20,0.875,1.0
PCMCIplus,recurrent,diamond,21,1.0,1.0
PCMCIplus,recurrent,diamond,22,1.0,1.0
PCMCIplus,recurrent,diamond,23,0.875,1.0
PCMCIplus,recurrent,diamond,24,0.75,1.0
PCMCIplus,recurrent,diamond,25,0.875,1.0
PCMCIplus,recurrent,diamond,26,1.0,1.0
PCMCIplus,recurrent,diamond,27,1.0,1.0
PCMCIplus,recurrent,diamond,28,1.0,1.0
PCMCIplus,recurrent,diamond,29,1.0,1.0
PCMCIplus,recurrent,diamond,30,0.875,1.0
PCMCIplus,recurrent,diamond,31,1.0,1.0
PCMCIplus,recurrent,diamond,32,0.875,1.0
PCMCIplus,recurrent,diamond,33,1.0,1.0
PCMCIplus,recurrent,diamond,34,0.75,1.0
PCMCIplus,recurrent,diamond,35,1.0,1.0
PCMCIplus,recurrent,diamond,36,0.875,1.0
PCMCIplus,recurrent,diamond,37,1.0,1.0
PCMCIplus,recurrent,diamond,38,0.875,1.0
PCMCIplus,recurrent,diamond,39,0.875,1.0
PCMCIplus,recurrent,diamond,40,1.0,1.0
PCMCIplus,recurrent,diamond,41,0.875,1.0
PCMCIplus,recurrent,diamond,42,1.0,1.0
PCMCIplus,recurrent,diamond,43,1.0,1.0
PCMCIplus,recurrent,diamond,44,0.875,1.0
PCMCIplus,recurrent,diamond,45,1.0,1.0
PCMCIplus,recurrent,diamond,46,0.875,1.0
PCMCIplus,recurrent,diamond,47,1.0,1.0
PCMCIplus,recurrent,diamond,48,0.875,1.0
PCMCIplus,recurrent,diamond,49,1.0,1.0
